Invoice ID,Branch,City,Customer type,Gender,Product line,Unit price,Quantity,Tax 5%,Total,Date,Time,Payment,cogs,gross income,Rating
765-26-6951,A,Yangon,0,0,ST,72.61,6,21.783,457.443,2019-01-01,10:39:00,CC,435.66,21.783,6.9
746-04-1077,B,Mandalay,1,1,FB,84.63,10,42.315,888.615,2019-01-01,11:36:00,CC,846.3,42.315,9.0
271-77-8740,C,Naypyitaw,1,1,ST,29.22,6,8.766,184.086,2019-01-01,11:40:00,E,175.32,8.766,5.0
133-14-7229,C,Naypyitaw,0,0,HB,62.87,2,6.287,132.027,2019-01-01,11:43:00,C,125.74,6.287,5.0
651-88-7328,A,Yangon,0,1,FA,65.74,9,29.583,621.243,2019-01-01,13:55:00,C,591.66,29.583,7.7
416-17-9926,A,Yangon,1,1,EA,74.22,10,37.11,779.31,2019-01-01,14:42:00,CC,742.2,37.11,4.3
530-90-9855,A,Yangon,1,0,HL,47.59,8,19.036,399.756,2019-01-01,14:47:00,C,380.72,19.036,5.7
556-97-7101,C,Naypyitaw,0,1,EA,63.22,2,6.322,132.762,2019-01-01,15:51:00,C,126.44,6.322,8.5
891-01-7034,B,Mandalay,0,1,EA,74.71,6,22.413,470.673,2019-01-01,19:07:00,C,448.26,22.413,6.7
770-42-8960,B,Mandalay,0,0,FB,21.12,8,8.448,177.408,2019-01-01,19:31:00,C,168.96,8.448,6.3
493-65-6248,C,Naypyitaw,1,1,ST,36.98,10,18.49,388.29,2019-01-01,19:48:00,CC,369.8,18.49,7.0
182-52-7000,A,Yangon,1,1,ST,27.04,4,5.408,113.568,2019-01-01,20:26:00,E,108.16,5.408,6.9
244-08-0162,B,Mandalay,0,1,HB,34.21,10,17.105,359.205,2019-01-02,13:00:00,C,342.1,17.105,5.1
198-84-7132,B,Mandalay,1,0,FA,40.61,9,18.2745,383.7645,2019-01-02,13:40:00,C,365.49,18.2745,7.0
712-39-0363,A,Yangon,1,0,FB,41.66,6,12.498,262.458,2019-01-02,15:24:00,E,249.96,12.498,5.6
345-68-9016,C,Naypyitaw,1,1,ST,31.67,8,12.668,266.028,2019-01-02,16:19:00,CC,253.36,12.668,5.6
504-35-8843,A,Yangon,0,0,ST,42.47,1,2.1235,44.5935,2019-01-02,16:57:00,C,42.47,2.1235,5.7
446-47-6729,C,Naypyitaw,0,0,FA,99.82,2,9.982,209.622,2019-01-02,18:09:00,CC,199.64,9.982,6.7
744-09-5786,B,Mandalay,0,0,EA,22.01,6,6.603,138.663,2019-01-02,18:50:00,C,132.06,6.603,7.6
670-71-7306,B,Mandalay,0,0,ST,44.63,6,13.389,281.169,2019-01-02,20:08:00,CC,267.78,13.389,5.1
343-87-0864,C,Naypyitaw,1,0,HB,75.88,1,3.794,79.674,2019-01-03,10:30:00,CC,75.88,3.794,7.1
249-42-3782,A,Yangon,0,0,HB,70.01,5,17.5025,367.5525,2019-01-03,11:36:00,E,350.05,17.5025,5.5
749-24-1565,A,Yangon,0,1,HB,23.03,9,10.3635,217.6335,2019-01-03,12:02:00,E,207.27,10.3635,7.9
875-31-8302,B,Mandalay,0,0,ST,93.38,1,4.669,98.049,2019-01-03,13:07:00,C,93.38,4.669,9.6
422-29-8786,A,Yangon,0,1,HL,67.09,5,16.7725,352.2225,2019-01-03,16:47:00,CC,335.45,16.7725,9.1
552-44-5977,B,Mandalay,1,0,HB,62.0,8,24.8,520.8,2019-01-03,19:08:00,CC,496.0,24.8,6.2
687-15-1097,C,Naypyitaw,1,1,HB,21.12,2,2.112,44.352,2019-01-03,19:17:00,C,42.24,2.112,9.7
501-61-1753,B,Mandalay,0,1,HL,63.15,6,18.945,397.845,2019-01-03,20:24:00,E,378.9,18.945,9.8
132-23-6451,A,Yangon,1,0,HB,20.97,5,5.2425,110.0925,2019-01-04,13:21:00,C,104.85,5.2425,7.8
656-16-1063,B,Mandalay,0,0,ST,46.42,3,6.963,146.223,2019-01-04,13:24:00,CC,139.26,6.963,4.4
731-14-2199,A,Yangon,1,1,HL,35.54,10,17.77,373.17,2019-01-04,13:34:00,E,355.4,17.77,7.0
672-51-8681,C,Naypyitaw,1,1,EA,66.65,9,29.9925,629.8425,2019-01-04,18:19:00,CC,599.85,29.9925,9.7
725-32-9708,B,Mandalay,1,1,FA,68.71,4,13.742,288.582,2019-01-04,19:01:00,C,274.84,13.742,4.1
279-74-2924,B,Mandalay,1,0,EA,72.17,1,3.6085,75.7785,2019-01-04,19:40:00,C,72.17,3.6085,6.1
217-58-1179,A,Yangon,1,0,HL,62.65,4,12.53,263.13,2019-01-05,11:25:00,C,250.6,12.53,4.2
339-12-4827,B,Mandalay,1,1,FA,73.96,1,3.698,77.658,2019-01-05,11:32:00,CC,73.96,3.698,5.0
489-82-1237,A,Yangon,0,1,EA,93.88,7,32.858,690.018,2019-01-05,11:51:00,CC,657.16,32.858,7.3
573-98-8548,C,Naypyitaw,1,1,FA,31.9,1,1.595,33.495,2019-01-05,12:40:00,E,31.9,1.595,9.1
750-67-8428,A,Yangon,1,1,HB,74.69,7,26.1415,548.9715,2019-01-05,13:08:00,E,522.83,26.1415,9.1
144-51-6085,A,Yangon,1,0,HL,70.74,4,14.148,297.108,2019-01-05,16:05:00,CC,282.96,14.148,4.4
209-61-0206,A,Yangon,0,1,HL,42.91,5,10.7275,225.2775,2019-01-05,17:29:00,E,214.55,10.7275,6.1
433-08-7822,C,Naypyitaw,0,1,HB,78.89,7,27.6115,579.8415,2019-01-05,19:48:00,E,552.23,27.6115,7.5
843-01-4703,B,Mandalay,1,1,HL,35.38,9,15.921,334.341,2019-01-05,19:50:00,CC,318.42,15.921,9.6
801-88-0346,C,Naypyitaw,0,1,FA,76.06,3,11.409,239.589,2019-01-05,20:30:00,CC,228.18,11.409,9.8
841-18-8232,B,Mandalay,0,1,FB,71.2,1,3.56,74.76,2019-01-05,20:40:00,CC,71.2,3.56,9.2
628-34-3388,C,Naypyitaw,0,0,FA,27.38,6,8.214,172.494,2019-01-05,20:54:00,CC,164.28,8.214,7.9
490-29-1201,A,Yangon,0,1,ST,15.34,1,0.767,16.107,2019-01-06,11:09:00,C,15.34,0.767,6.5
729-06-2010,B,Mandalay,1,0,HB,80.47,9,36.2115,760.4415,2019-01-06,11:18:00,C,724.23,36.2115,9.2
704-11-6354,A,Yangon,1,0,HL,58.9,8,23.56,494.76,2019-01-06,11:23:00,C,471.2,23.56,8.9
846-10-0341,A,Yangon,0,1,FA,42.57,7,14.8995,312.8895,2019-01-06,11:51:00,C,297.99,14.8995,6.8
834-25-9262,C,Naypyitaw,0,1,FA,81.68,4,16.336,343.056,2019-01-06,12:12:00,C,326.72,16.336,9.1
393-65-2792,C,Naypyitaw,0,0,FB,89.48,10,44.74,939.54,2019-01-06,12:46:00,CC,894.8,44.74,9.6
852-82-2749,A,Yangon,0,0,ST,64.59,4,12.918,271.278,2019-01-06,13:35:00,E,258.36,12.918,9.3
662-72-2873,A,Yangon,0,1,FB,40.94,5,10.235,214.935,2019-01-06,13:58:00,E,204.7,10.235,9.9
826-58-8051,B,Mandalay,0,0,HL,62.19,4,12.438,261.198,2019-01-06,19:46:00,E,248.76,12.438,4.3
126-54-1082,A,Yangon,1,1,HL,21.54,9,9.693,203.553,2019-01-07,11:44:00,CC,193.86,9.693,8.8
541-48-8554,A,Yangon,0,0,ST,60.95,9,27.4275,575.9775,2019-01-07,12:08:00,CC,548.55,27.4275,6.0
889-04-9723,B,Mandalay,1,1,FB,89.14,4,17.828,374.388,2019-01-07,12:20:00,CC,356.56,17.828,7.8
232-16-2483,C,Naypyitaw,1,1,ST,68.12,1,3.406,71.526,2019-01-07,12:28:00,E,68.12,3.406,6.8
390-31-6381,C,Naypyitaw,0,0,FB,27.22,3,4.083,85.743,2019-01-07,12:37:00,C,81.66,4.083,7.3
109-28-2512,B,Mandalay,1,1,FA,97.61,6,29.283,614.943,2019-01-07,15:01:00,E,585.66,29.283,9.9
799-71-1548,A,Yangon,1,0,EA,77.72,4,15.544,326.424,2019-01-07,16:11:00,CC,310.88,15.544,8.8
526-86-8552,C,Naypyitaw,1,1,HL,21.82,10,10.91,229.11,2019-01-07,17:36:00,C,218.2,10.91,7.1
566-19-5475,B,Mandalay,0,0,FA,47.97,7,16.7895,352.5795,2019-01-07,20:52:00,C,335.79,16.7895,6.2
442-44-6497,C,Naypyitaw,1,0,HL,55.57,3,8.3355,175.0455,2019-01-08,11:42:00,CC,166.71,8.3355,5.9
767-97-4650,B,Mandalay,1,1,ST,64.83,2,6.483,136.143,2019-01-08,11:59:00,CC,129.66,6.483,8.0
387-49-4215,B,Mandalay,1,1,ST,48.5,3,7.275,152.775,2019-01-08,12:50:00,C,145.5,7.275,6.7
241-96-5076,B,Mandalay,1,1,HL,49.1,2,4.91,103.11,2019-01-08,12:58:00,CC,98.2,4.91,6.4
674-15-9296,A,Yangon,0,0,ST,37.14,5,9.285,194.985,2019-01-08,13:05:00,E,185.7,9.285,5.0
750-57-9686,C,Naypyitaw,0,1,HL,45.38,4,9.076,190.596,2019-01-08,13:48:00,CC,181.52,9.076,8.7
192-98-7397,C,Naypyitaw,0,0,FA,12.78,1,0.639,13.419,2019-01-08,14:11:00,E,12.78,0.639,9.5
490-95-0021,B,Mandalay,1,1,FB,33.21,10,16.605,348.705,2019-01-08,14:25:00,E,332.1,16.605,6.0
124-31-1458,A,Yangon,1,1,EA,79.59,3,11.9385,250.7085,2019-01-08,14:30:00,C,238.77,11.9385,6.6
663-86-9076,C,Naypyitaw,1,1,FB,68.54,8,27.416,575.736,2019-01-08,15:57:00,E,548.32,27.416,8.5
189-08-9157,C,Naypyitaw,0,1,FA,31.73,9,14.2785,299.8485,2019-01-08,16:17:00,CC,285.57,14.2785,5.9
257-60-7754,A,Yangon,0,1,EA,50.23,4,10.046,210.966,2019-01-08,17:12:00,C,200.92,10.046,9.0
840-76-5966,A,Yangon,1,0,ST,12.76,2,1.276,26.796,2019-01-08,18:06:00,E,25.52,1.276,7.8
457-13-1708,B,Mandalay,1,0,FA,65.23,10,32.615,684.915,2019-01-08,19:07:00,CC,652.3,32.615,5.2
631-34-1880,C,Naypyitaw,1,0,FB,24.31,3,3.6465,76.5765,2019-01-08,19:09:00,CC,72.93,3.6465,4.3
845-94-6841,C,Naypyitaw,1,1,FB,72.88,9,32.796,688.716,2019-01-08,19:38:00,C,655.92,32.796,4.0
484-22-8230,C,Naypyitaw,1,1,FA,51.89,7,18.1615,381.3915,2019-01-08,20:08:00,C,363.23,18.1615,4.5
571-94-0759,B,Mandalay,1,1,FB,74.6,10,37.3,783.3,2019-01-08,20:55:00,C,746.0,37.3,9.5
189-40-5216,C,Naypyitaw,0,0,EA,96.37,7,33.7295,708.3195,2019-01-09,11:40:00,C,674.59,33.7295,6.0
867-47-1948,C,Naypyitaw,0,1,HL,15.8,10,7.9,165.9,2019-01-09,12:07:00,C,158.0,7.9,7.8
288-62-1085,A,Yangon,1,0,FA,38.54,5,9.635,202.335,2019-01-09,13:34:00,E,192.7,9.635,5.6
554-42-2417,C,Naypyitaw,0,1,ST,95.44,10,4.154,87.234,2019-01-09,13:45:00,C,83.08,4.154,5.2
370-96-0655,C,Naypyitaw,0,1,FA,49.32,6,14.796,310.716,2019-01-09,13:46:00,E,295.92,14.796,7.1
263-10-3913,C,Naypyitaw,1,0,FA,49.04,9,22.068,463.428,2019-01-09,14:20:00,CC,441.36,22.068,8.6
343-75-9322,B,Mandalay,1,1,ST,11.85,8,4.74,99.54,2019-01-09,16:34:00,C,94.8,4.74,4.1
305-89-2768,B,Mandalay,1,1,HL,21.9,3,3.285,68.985,2019-01-09,18:43:00,E,65.7,3.285,4.7
887-42-0517,C,Naypyitaw,0,1,ST,83.14,7,29.099,611.079,2019-01-10,10:31:00,CC,581.98,29.099,6.6
241-11-2261,B,Mandalay,0,1,FA,79.86,7,27.951,586.971,2019-01-10,10:33:00,CC,559.02,27.951,5.5
226-34-0034,B,Mandalay,0,1,EA,13.78,4,2.756,57.876,2019-01-10,11:10:00,E,55.12,2.756,9.0
603-07-0961,C,Naypyitaw,1,0,EA,74.79,5,18.6975,392.6475,2019-01-10,11:34:00,C,373.95,18.6975,4.9
744-02-5987,A,Yangon,1,0,HL,78.38,6,23.514,493.794,2019-01-10,14:16:00,E,470.28,23.514,5.8
640-49-2076,B,Mandalay,0,0,ST,83.78,8,33.512,703.752,2019-01-10,14:49:00,C,670.24,33.512,5.1
873-51-0671,A,Yangon,1,1,ST,21.98,7,7.693,161.553,2019-01-10,16:42:00,E,153.86,7.693,5.1
665-32-9167,A,Yangon,1,1,HB,36.26,2,3.626,76.146,2019-01-10,17:15:00,CC,72.52,3.626,7.2
577-34-7579,C,Naypyitaw,1,0,FB,50.49,9,22.7205,477.1305,2019-01-10,17:16:00,C,454.41,22.7205,5.4
289-15-7034,A,Yangon,1,0,ST,82.33,4,16.466,345.786,2019-01-11,10:37:00,CC,329.32,16.466,7.5
478-06-7835,A,Yangon,0,0,FA,89.69,1,4.4845,94.1745,2019-01-11,11:20:00,E,89.69,4.4845,4.9
406-46-7107,A,Yangon,0,1,HL,96.52,6,28.956,608.076,2019-01-11,11:52:00,C,579.12,28.956,4.5
130-67-4723,A,Yangon,1,0,FB,48.5,6,14.55,305.55,2019-01-11,13:57:00,E,291.0,14.55,9.4
746-68-6593,C,Naypyitaw,1,1,ST,87.16,2,8.716,183.036,2019-01-11,14:29:00,CC,174.32,8.716,9.7
540-11-4336,A,Yangon,0,0,FB,24.94,9,11.223,235.683,2019-01-11,16:49:00,CC,224.46,11.223,5.6
732-67-5346,A,Yangon,0,0,FB,13.79,5,3.4475,72.3975,2019-01-11,19:07:00,CC,68.95,3.4475,7.8
592-46-1692,C,Naypyitaw,1,1,FB,36.77,7,12.8695,270.2595,2019-01-11,20:10:00,C,257.39,12.8695,7.4
852-62-7105,B,Mandalay,0,1,FA,83.25,10,41.625,874.125,2019-01-12,11:25:00,CC,832.5,41.625,4.4
533-66-5566,B,Mandalay,0,1,HL,51.07,7,17.8745,375.3645,2019-01-12,11:42:00,C,357.49,17.8745,7.0
659-36-1684,C,Naypyitaw,1,0,ST,57.12,7,19.992,419.832,2019-01-12,12:02:00,CC,399.84,19.992,6.5
704-48-3927,A,Yangon,1,0,EA,88.67,10,44.335,931.035,2019-01-12,14:50:00,E,886.7,44.335,7.3
381-20-0914,A,Yangon,1,1,FA,20.01,9,9.0045,189.0945,2019-01-12,15:48:00,CC,180.09,9.0045,5.7
751-41-9720,C,Naypyitaw,0,0,HL,97.5,10,4.154,87.234,2019-01-12,16:18:00,E,83.08,4.154,8.0
647-50-1224,A,Yangon,0,1,FA,29.42,10,14.71,308.91,2019-01-12,16:23:00,E,294.2,14.71,8.9
751-15-6198,B,Mandalay,0,0,ST,23.01,6,6.903,144.963,2019-01-12,16:45:00,E,138.06,6.903,7.9
848-07-1692,B,Mandalay,0,1,HB,57.22,2,5.722,120.162,2019-01-12,17:13:00,E,114.44,5.722,8.3
197-77-7132,B,Mandalay,1,0,EA,91.56,8,36.624,769.104,2019-01-12,18:22:00,E,732.48,36.624,6.0
296-11-7041,B,Mandalay,1,1,HB,27.07,1,1.3535,28.4235,2019-01-12,20:07:00,CC,27.07,1.3535,5.3
460-93-5834,A,Yangon,0,0,ST,45.58,7,15.953,335.013,2019-01-13,10:03:00,C,319.06,15.953,5.0
195-06-0432,A,Yangon,1,0,HL,81.01,3,12.1515,255.1815,2019-01-13,12:55:00,CC,243.03,12.1515,9.3
784-08-0310,C,Naypyitaw,1,1,FB,21.04,4,4.208,88.368,2019-01-13,13:58:00,C,84.16,4.208,7.6
339-38-9982,B,Mandalay,1,0,FA,59.86,2,5.986,125.706,2019-01-13,14:55:00,E,119.72,5.986,6.7
732-94-0499,C,Naypyitaw,0,1,EA,41.65,10,20.825,437.325,2019-01-13,17:04:00,CC,416.5,20.825,5.4
397-25-8725,A,Yangon,1,1,HB,39.62,9,17.829,374.409,2019-01-13,17:54:00,CC,356.58,17.829,6.8
459-50-7686,A,Yangon,0,1,EA,23.46,6,7.038,147.798,2019-01-13,19:14:00,E,140.76,7.038,6.4
556-86-3144,C,Naypyitaw,1,1,FA,74.29,1,3.7145,78.0045,2019-01-13,19:30:00,C,74.29,3.7145,5.0
327-40-9673,B,Mandalay,1,0,ST,72.6,6,21.78,457.38,2019-01-13,19:51:00,C,435.6,21.78,6.9
355-34-6244,B,Mandalay,0,0,FB,72.39,2,7.239,152.019,2019-01-13,19:55:00,CC,144.78,7.239,8.1
426-39-2418,C,Naypyitaw,0,0,EA,61.41,7,21.4935,451.3635,2019-01-14,10:02:00,C,429.87,21.4935,9.8
320-85-2052,B,Mandalay,0,1,ST,34.81,1,1.7405,36.5505,2019-01-14,10:11:00,CC,34.81,1.7405,7.0
559-61-5987,B,Mandalay,0,1,HB,17.75,1,0.8875,18.6375,2019-01-14,10:38:00,C,17.75,0.8875,8.6
704-10-4056,C,Naypyitaw,1,0,HB,60.47,3,9.0705,190.4805,2019-01-14,10:55:00,CC,181.41,9.0705,5.6
868-52-7573,B,Mandalay,0,1,FB,99.69,5,24.9225,523.3725,2019-01-14,12:09:00,C,498.45,24.9225,9.9
667-23-5919,A,Yangon,1,1,FA,96.7,5,24.175,507.675,2019-01-14,12:52:00,E,483.5,24.175,7.0
377-79-7592,C,Naypyitaw,1,1,EA,44.84,9,20.178,423.738,2019-01-14,14:00:00,CC,403.56,20.178,7.5
592-34-6155,C,Naypyitaw,0,0,FB,31.77,4,6.354,133.434,2019-01-14,14:43:00,E,127.08,6.354,6.2
451-73-2711,C,Naypyitaw,0,0,FB,84.83,1,4.2415,89.0715,2019-01-14,15:20:00,E,84.83,4.2415,8.8
658-66-3967,C,Naypyitaw,0,0,HB,53.19,7,18.6165,390.9465,2019-01-14,15:42:00,E,372.33,18.6165,5.0
359-90-3665,B,Mandalay,1,1,FA,18.08,4,3.616,75.936,2019-01-14,18:03:00,CC,72.32,3.616,9.5
785-13-7708,B,Mandalay,0,0,FB,73.06,7,25.571,536.991,2019-01-14,19:06:00,CC,511.42,25.571,4.2
588-47-8641,A,Yangon,1,0,FA,56.04,10,28.02,588.42,2019-01-14,19:30:00,E,560.4,28.02,4.4
301-11-9629,A,Yangon,0,1,ST,19.1,7,6.685,140.385,2019-01-15,10:43:00,C,133.7,6.685,9.7
589-02-8023,A,Yangon,1,0,FB,83.77,2,8.377,175.917,2019-01-15,10:54:00,CC,167.54,8.377,7.0
437-58-8131,B,Mandalay,0,1,FA,73.52,2,7.352,154.392,2019-01-15,13:41:00,E,147.04,7.352,4.6
744-16-7898,B,Mandalay,0,1,HL,97.37,10,4.154,87.234,2019-01-15,13:48:00,CC,83.08,4.154,4.9
188-55-0967,B,Mandalay,1,0,HB,66.47,10,33.235,697.935,2019-01-15,15:01:00,CC,664.7,33.235,5.0
660-29-7083,C,Naypyitaw,0,0,EA,55.87,10,27.935,586.635,2019-01-15,15:01:00,C,558.7,27.935,5.8
138-17-5109,A,Yangon,1,1,HL,89.21,9,40.1445,843.0345,2019-01-15,15:42:00,CC,802.89,40.1445,6.5
299-46-1805,B,Mandalay,1,1,ST,93.72,6,28.116,590.436,2019-01-15,16:19:00,C,562.32,28.116,4.5
272-65-1806,A,Yangon,0,1,EA,60.88,9,27.396,575.316,2019-01-15,17:17:00,E,547.92,27.396,4.7
886-54-6089,A,Yangon,0,1,HL,55.752871385842475,6,3.429,72.009,2019-01-15,17:24:00,C,68.58,3.429,7.7
369-82-2676,B,Mandalay,0,0,EA,75.66,5,18.915,397.215,2019-01-15,18:22:00,E,378.3,18.915,7.8
450-28-2866,C,Naypyitaw,1,0,FB,17.44,5,4.36,91.56,2019-01-15,19:25:00,C,87.2,4.36,8.1
314-23-4520,C,Naypyitaw,1,0,HB,81.23,7,28.4305,597.0405,2019-01-15,20:44:00,C,568.61,28.4305,9.0
842-29-4695,C,Naypyitaw,1,0,ST,17.14,7,5.999,125.979,2019-01-16,12:07:00,CC,119.98,5.999,7.9
234-65-2137,C,Naypyitaw,0,0,HL,95.58,10,4.154,87.234,2019-01-16,13:32:00,C,83.08,4.154,4.8
372-62-5264,C,Naypyitaw,0,1,FB,52.6,9,23.67,497.07,2019-01-16,14:42:00,C,473.4,23.67,7.6
859-71-0933,C,Naypyitaw,1,1,ST,15.49,2,1.549,32.529,2019-01-16,15:10:00,C,30.98,1.549,6.3
659-65-8956,B,Mandalay,1,0,FA,51.36,1,2.568,53.928,2019-01-16,15:26:00,E,51.36,2.568,5.2
648-83-1321,A,Yangon,1,0,HL,63.56,10,31.78,667.38,2019-01-16,17:59:00,C,635.6,31.78,4.3
347-72-6115,B,Mandalay,1,1,ST,90.74,7,31.759,666.939,2019-01-16,18:03:00,CC,635.18,31.759,6.2
677-11-0152,C,Naypyitaw,0,1,FB,93.26,9,41.967,881.307,2019-01-16,18:08:00,C,839.34,41.967,8.8
618-34-8551,A,Yangon,0,1,ST,93.18,2,9.318,195.678,2019-01-16,18:41:00,CC,186.36,9.318,8.5
286-62-6248,B,Mandalay,0,0,FA,39.21,4,7.842,164.682,2019-01-16,20:03:00,CC,156.84,7.842,9.0
679-22-6530,B,Mandalay,0,1,ST,40.62,2,4.062,85.302,2019-01-17,10:01:00,CC,81.24,4.062,4.1
349-97-8902,B,Mandalay,1,0,FB,57.89,2,5.789,121.569,2019-01-17,10:37:00,E,115.78,5.789,8.9
101-81-4070,C,Naypyitaw,1,1,HB,62.82,2,6.282,131.922,2019-01-17,12:36:00,E,125.64,6.282,4.9
746-54-5508,A,Yangon,0,0,HL,21.52,6,6.456,135.576,2019-01-17,12:48:00,CC,129.12,6.456,9.4
698-98-5964,A,Yangon,0,1,FB,81.21,10,40.605,852.705,2019-01-17,13:01:00,CC,812.1,40.605,6.3
600-38-9738,C,Naypyitaw,1,0,ST,71.92,5,17.98,377.58,2019-01-17,15:05:00,CC,359.6,17.98,4.3
497-37-6538,A,Yangon,0,0,ST,58.91,7,20.6185,432.9885,2019-01-17,15:15:00,E,412.37,20.6185,9.7
670-79-6321,B,Mandalay,1,1,HL,94.59,7,33.1065,695.2365,2019-01-17,15:27:00,CC,662.13,33.1065,4.9
200-16-5952,C,Naypyitaw,1,0,FB,65.65,2,6.565,137.865,2019-01-17,16:46:00,C,131.3,6.565,6.0
445-30-9252,A,Yangon,0,0,ST,25.7,3,3.855,80.955,2019-01-17,17:59:00,E,77.1,3.855,6.1
280-35-5823,B,Mandalay,1,1,HL,86.72,1,4.336,91.056,2019-01-17,18:45:00,E,86.72,4.336,7.9
562-12-5430,A,Yangon,1,1,FA,88.15,3,13.2225,277.6725,2019-01-18,10:11:00,E,264.45,13.2225,7.9
414-12-7047,B,Mandalay,0,0,FB,19.79,8,7.916,166.236,2019-01-18,12:04:00,E,158.32,7.916,8.7
821-14-9046,B,Mandalay,1,1,FA,17.48,6,5.244,110.124,2019-01-18,15:04:00,CC,104.88,5.244,6.1
622-20-1945,C,Naypyitaw,0,1,HB,39.42,1,1.971,41.391,2019-01-18,15:08:00,C,39.42,1.971,8.4
678-79-0726,C,Naypyitaw,1,1,ST,90.63,9,40.7835,856.4535,2019-01-18,15:28:00,C,815.67,40.7835,5.1
781-84-8059,C,Naypyitaw,0,0,FA,60.74,7,21.259,446.439,2019-01-18,16:23:00,E,425.18,21.259,5.0
166-19-2553,A,Yangon,1,0,ST,89.06,6,26.718,561.078,2019-01-18,17:26:00,C,534.36,26.718,9.9
706-36-6154,A,Yangon,1,0,HL,55.752871385842475,9,8.712,182.952,2019-01-18,18:43:00,E,174.24,8.712,8.7
700-81-1757,A,Yangon,0,1,EA,26.31,5,6.5775,138.1275,2019-01-18,20:59:00,CC,131.55,6.5775,8.8
761-49-0439,B,Mandalay,1,1,EA,12.1,8,4.84,101.64,2019-01-19,10:17:00,E,96.8,4.84,8.6
779-06-0012,C,Naypyitaw,1,1,HL,88.61,1,4.4305,93.0405,2019-01-19,10:21:00,C,88.61,4.4305,7.7
151-27-8496,C,Naypyitaw,0,1,EA,56.13,4,11.226,235.746,2019-01-19,11:43:00,E,224.52,11.226,8.6
728-47-9078,C,Naypyitaw,1,0,FB,59.59,4,11.918,250.278,2019-01-19,12:46:00,C,238.36,11.918,9.8
482-17-1179,A,Yangon,1,0,EA,11.94,3,1.791,37.611,2019-01-19,12:47:00,CC,35.82,1.791,8.1
125-45-2293,A,Yangon,0,1,FA,99.1,6,29.73,624.33,2019-01-19,13:11:00,C,594.6,29.73,4.2
149-61-1929,A,Yangon,0,0,ST,64.19,10,32.095,673.995,2019-01-19,14:08:00,CC,641.9,32.095,6.7
882-40-4577,A,Yangon,1,0,ST,67.26,4,13.452,282.492,2019-01-19,15:28:00,CC,269.04,13.452,8.0
375-72-3056,B,Mandalay,0,0,ST,63.06,3,9.459,198.639,2019-01-19,15:58:00,E,189.18,9.459,7.0
284-54-4231,C,Naypyitaw,1,0,ST,80.93,1,4.0465,84.9765,2019-01-19,16:08:00,CC,80.93,4.0465,9.0
796-32-9050,A,Yangon,0,0,FB,51.28,6,15.384,323.064,2019-01-19,16:31:00,C,307.68,15.384,6.5
608-27-6295,B,Mandalay,1,0,EA,52.89,6,15.867,333.207,2019-01-19,17:34:00,CC,317.34,15.867,9.8
809-69-9497,A,Yangon,0,1,HL,45.68,10,22.84,479.64,2019-01-19,19:30:00,E,456.8,22.84,5.7
894-41-5205,C,Naypyitaw,0,1,FB,43.18,8,17.272,362.712,2019-01-19,19:39:00,CC,345.44,17.272,8.3
645-44-1170,A,Yangon,1,0,HL,58.07,9,26.1315,548.7615,2019-01-19,20:07:00,E,522.63,26.1315,4.3
832-51-6761,A,Yangon,0,0,FB,33.88,8,13.552,284.592,2019-01-19,20:29:00,E,271.04,13.552,9.6
725-96-3778,C,Naypyitaw,1,1,HL,89.25,8,35.7,749.7,2019-01-20,10:13:00,C,714.0,35.7,4.7
458-10-8612,C,Naypyitaw,0,0,HB,64.08,7,22.428,470.988,2019-01-20,12:27:00,E,448.56,22.428,7.6
356-44-8813,B,Mandalay,0,0,HL,37.48,3,5.622,118.062,2019-01-20,13:45:00,CC,112.44,5.622,7.7
787-87-2010,A,Yangon,1,0,HB,55.5,4,11.1,233.1,2019-01-20,15:48:00,CC,222.0,11.1,6.6
817-48-8732,A,Yangon,1,1,HL,72.35,10,36.175,759.675,2019-01-20,15:55:00,C,723.5,36.175,5.4
257-73-1380,C,Naypyitaw,1,0,ST,82.93,4,16.586,348.306,2019-01-20,16:51:00,E,331.72,16.586,9.6
410-67-1709,A,Yangon,1,1,FA,63.88,8,25.552,536.592,2019-01-20,17:48:00,E,511.04,25.552,9.9
645-78-8093,A,Yangon,0,1,ST,93.14,2,9.314,195.594,2019-01-20,18:09:00,E,186.28,9.314,4.1
760-27-5490,C,Naypyitaw,0,0,FA,15.62,8,6.248,131.208,2019-01-20,20:37:00,E,124.96,6.248,9.1
378-24-2715,B,Mandalay,0,0,HL,53.44,2,5.344,112.224,2019-01-20,20:38:00,E,106.88,5.344,4.1
316-68-6352,A,Yangon,1,1,FB,36.36,2,3.636,76.356,2019-01-21,10:00:00,C,72.72,3.636,7.1
870-72-4431,C,Naypyitaw,0,1,HB,99.19,6,29.757,624.897,2019-01-21,14:42:00,CC,595.14,29.757,5.5
239-10-7476,A,Yangon,0,1,HL,77.95,6,23.385,491.085,2019-01-21,16:37:00,E,467.7,23.385,8.0
401-18-8016,B,Mandalay,1,1,ST,98.13,1,4.9065,103.0365,2019-01-21,17:36:00,C,98.13,4.9065,8.9
462-67-9126,A,Yangon,0,0,HL,73.22,6,21.966,461.286,2019-01-21,17:44:00,C,439.32,21.966,7.2
329-62-1586,A,Yangon,0,0,FB,54.67,3,8.2005,172.2105,2019-01-21,18:00:00,CC,164.01,8.2005,8.6
269-10-8440,A,Yangon,1,0,HB,53.17,7,18.6095,390.7995,2019-01-21,18:01:00,C,372.19,18.6095,8.9
162-65-8559,C,Naypyitaw,1,0,FB,68.98,1,3.449,72.429,2019-01-21,20:13:00,C,68.98,3.449,4.8
287-21-9091,A,Yangon,0,0,HL,74.67,9,33.6015,705.6315,2019-01-22,10:55:00,E,672.03,33.6015,9.4
186-09-3669,C,Naypyitaw,1,1,HB,81.51,1,4.0755,85.5855,2019-01-22,10:57:00,E,81.51,4.0755,9.2
460-35-4390,A,Yangon,0,0,HL,30.68,3,4.602,96.642,2019-01-22,11:00:00,E,92.04,4.602,9.1
563-47-4072,B,Mandalay,0,1,HB,55.81,6,16.743,351.603,2019-01-22,11:52:00,C,334.86,16.743,9.9
120-54-2248,B,Mandalay,0,1,FB,28.86,5,7.215,151.515,2019-01-22,18:08:00,CC,144.3,7.215,8.0
756-01-7507,C,Naypyitaw,0,1,HB,20.38,5,5.095,106.995,2019-01-22,18:56:00,C,101.9,5.095,6.0
521-18-7827,C,Naypyitaw,1,0,HL,39.39,5,9.8475,206.7975,2019-01-22,20:46:00,CC,196.95,9.8475,8.7
790-38-4466,C,Naypyitaw,0,1,HB,10.99,5,2.7475,57.6975,2019-01-23,10:18:00,CC,54.95,2.7475,9.3
565-80-5980,C,Naypyitaw,1,1,HL,47.38,4,9.476,198.996,2019-01-23,10:25:00,C,189.52,9.476,7.1
213-32-1216,A,Yangon,0,1,EA,66.06,6,19.818,416.178,2019-01-23,10:28:00,C,396.36,19.818,7.3
148-41-7930,C,Naypyitaw,0,0,HB,99.96,7,34.986,734.706,2019-01-23,10:33:00,C,699.72,34.986,6.1
477-59-2456,C,Naypyitaw,0,1,FA,45.44,7,15.904,333.984,2019-01-23,11:15:00,C,318.08,15.904,9.2
828-46-6863,A,Yangon,1,0,FB,98.53,6,29.559,620.739,2019-01-23,11:22:00,CC,591.18,29.559,4.0
434-83-9547,C,Naypyitaw,1,0,FB,38.47,8,15.388,323.148,2019-01-23,11:51:00,C,307.76,15.388,7.7
767-05-1286,C,Naypyitaw,1,1,HL,83.77,6,25.131,527.751,2019-01-23,12:10:00,E,502.62,25.131,5.4
318-12-0304,A,Yangon,0,0,FA,30.61,1,1.5305,32.1405,2019-01-23,12:20:00,E,30.61,1.5305,5.2
316-66-3011,A,Yangon,1,1,FB,47.63,9,21.4335,450.1035,2019-01-23,12:35:00,C,428.67,21.4335,5.0
731-81-9469,C,Naypyitaw,1,1,ST,89.8,10,44.9,942.9,2019-01-23,13:00:00,CC,898.0,44.9,5.4
740-22-2500,C,Naypyitaw,0,1,EA,84.05,3,12.6075,264.7575,2019-01-23,13:29:00,C,252.15,12.6075,9.8
604-70-6476,A,Yangon,1,0,FA,17.94,5,4.485,94.185,2019-01-23,14:04:00,E,89.7,4.485,6.8
160-22-2687,A,Yangon,1,1,HB,95.95,5,23.9875,503.7375,2019-01-23,14:21:00,E,479.75,23.9875,8.8
219-61-4139,C,Naypyitaw,0,0,EA,83.08,1,4.154,87.234,2019-01-23,17:16:00,E,83.08,4.154,6.4
809-46-1866,A,Yangon,0,0,HB,58.15,4,11.63,244.23,2019-01-23,17:44:00,C,232.6,11.63,8.4
480-63-2856,C,Naypyitaw,0,0,FB,19.25,8,7.7,161.7,2019-01-23,18:37:00,E,154.0,7.7,6.6
232-11-3025,A,Yangon,0,0,ST,78.77,10,39.385,827.085,2019-01-24,10:04:00,C,787.7,39.385,6.4
438-23-1242,B,Mandalay,0,0,EA,75.88,7,26.558,557.718,2019-01-24,10:38:00,E,531.16,26.558,8.9
778-34-2523,A,Yangon,1,1,EA,48.62,8,19.448,408.408,2019-01-24,10:57:00,C,388.96,19.448,5.0
789-23-8625,B,Mandalay,1,0,FA,93.22,3,13.983,293.643,2019-01-24,11:45:00,C,279.66,13.983,7.2
443-60-9639,C,Naypyitaw,1,1,HL,60.87,1,3.0435,63.9135,2019-01-24,13:24:00,C,60.87,3.0435,5.5
775-72-1988,B,Mandalay,0,0,HL,73.28,5,18.32,384.72,2019-01-24,15:05:00,E,366.4,18.32,8.4
139-20-0155,B,Mandalay,1,0,EA,40.3,10,20.15,423.15,2019-01-24,17:37:00,CC,403.0,20.15,7.0
237-44-6163,A,Yangon,0,0,EA,10.56,8,4.224,88.704,2019-01-24,17:43:00,C,84.48,4.224,7.6
435-13-4908,A,Yangon,1,0,FA,86.68,8,34.672,728.112,2019-01-24,18:04:00,CC,693.44,34.672,7.2
602-16-6955,B,Mandalay,0,1,ST,76.6,10,38.3,804.3,2019-01-24,18:10:00,E,766.0,38.3,6.0
510-79-0415,B,Mandalay,1,1,ST,23.08,6,6.924,145.404,2019-01-24,19:20:00,E,138.48,6.924,4.9
726-27-2396,A,Yangon,0,1,HB,77.5,5,19.375,406.875,2019-01-24,20:36:00,E,387.5,19.375,4.3
235-06-8510,C,Naypyitaw,1,0,HL,85.72,3,12.858,270.018,2019-01-24,20:59:00,E,257.16,12.858,5.1
730-61-8757,B,Mandalay,1,0,HB,51.13,4,10.226,214.746,2019-01-25,10:11:00,CC,204.52,10.226,4.0
843-73-4724,A,Yangon,0,0,FA,74.1,1,3.705,77.805,2019-01-25,11:05:00,C,74.1,3.705,9.2
340-21-9136,A,Yangon,1,1,ST,40.05,4,8.01,168.21,2019-01-25,11:40:00,C,160.2,8.01,9.7
191-10-6171,B,Mandalay,0,1,FA,39.62,7,13.867,291.207,2019-01-25,13:18:00,C,277.34,13.867,7.5
283-79-9594,B,Mandalay,0,1,FB,48.51,7,16.9785,356.5485,2019-01-25,13:30:00,CC,339.57,16.9785,5.2
394-55-6384,C,Naypyitaw,1,1,ST,70.19,9,31.5855,663.2955,2019-01-25,13:38:00,C,631.71,31.5855,6.7
280-17-4359,C,Naypyitaw,1,0,HB,90.5,10,45.25,950.25,2019-01-25,13:48:00,C,905.0,45.25,8.1
856-66-2701,A,Yangon,1,0,HL,53.3,3,7.995,167.895,2019-01-25,14:19:00,E,159.9,7.995,7.5
569-71-4390,B,Mandalay,0,0,ST,21.87,2,2.187,45.927,2019-01-25,14:29:00,E,43.74,2.187,6.9
824-88-3614,C,Naypyitaw,0,0,HB,34.31,8,13.724,288.204,2019-01-25,15:00:00,E,274.48,13.724,5.7
778-71-5554,C,Naypyitaw,1,0,FA,15.43,1,0.7715,16.2015,2019-01-25,15:46:00,CC,15.43,0.7715,6.1
307-83-9164,A,Yangon,1,0,HL,60.01,4,12.002,252.042,2019-01-25,15:54:00,C,240.04,12.002,4.5
268-03-6164,B,Mandalay,0,0,HB,96.11,1,4.8055,100.9155,2019-01-25,16:28:00,E,96.11,4.8055,7.8
288-38-3758,C,Naypyitaw,1,1,FA,84.87,3,12.7305,267.3405,2019-01-25,18:30:00,E,254.61,12.7305,7.4
261-12-8671,B,Mandalay,0,1,FA,60.96,2,6.096,128.016,2019-01-25,19:39:00,CC,121.92,6.096,4.9
145-94-9061,B,Mandalay,0,1,FB,88.36,5,22.09,463.89,2019-01-25,19:48:00,C,441.8,22.09,9.6
888-02-0338,A,Yangon,0,0,EA,26.23,9,11.8035,247.8735,2019-01-25,20:24:00,E,236.07,11.8035,5.9
881-41-7302,C,Naypyitaw,0,1,FA,64.99,1,3.2495,68.2395,2019-01-26,10:06:00,CC,64.99,3.2495,4.5
896-34-0956,A,Yangon,0,0,FA,21.32,1,1.066,22.386,2019-01-26,12:43:00,C,21.32,1.066,5.9
316-55-4634,B,Mandalay,1,0,FB,80.05,5,20.0125,420.2625,2019-01-26,12:45:00,CC,400.25,20.0125,9.4
794-42-3736,B,Mandalay,0,0,FB,33.33,2,3.333,69.993,2019-01-26,14:41:00,CC,66.66,3.333,6.4
173-82-9529,B,Mandalay,0,1,FA,37.95,10,18.975,398.475,2019-01-26,14:51:00,C,379.5,18.975,9.7
176-78-1170,C,Naypyitaw,1,0,HB,33.81,3,5.0715,106.5015,2019-01-26,15:11:00,E,101.43,5.0715,7.3
452-04-8808,B,Mandalay,0,0,EA,87.08,7,30.478,640.038,2019-01-26,15:17:00,C,609.56,30.478,5.5
135-13-8269,B,Mandalay,1,1,FB,78.88,2,7.888,165.648,2019-01-26,16:04:00,C,157.76,7.888,9.1
539-21-7227,B,Mandalay,0,1,ST,51.54,5,12.885,270.585,2019-01-26,17:45:00,C,257.7,12.885,4.2
308-39-1707,A,Yangon,0,1,FA,12.09,1,0.6045,12.6945,2019-01-26,18:19:00,CC,12.09,0.6045,8.2
834-61-8124,A,Yangon,0,0,EA,51.69,7,18.0915,379.9215,2019-01-26,18:22:00,C,361.83,18.0915,5.5
258-69-7810,C,Naypyitaw,0,1,FA,36.85,5,9.2125,193.4625,2019-01-26,18:53:00,C,184.25,9.2125,9.2
836-82-5858,B,Mandalay,1,0,HB,69.37,9,31.2165,655.5465,2019-01-26,19:14:00,E,624.33,31.2165,4.0
289-65-5721,B,Mandalay,0,1,FA,81.37,2,8.137,170.877,2019-01-26,19:28:00,C,162.74,8.137,6.5
225-32-0908,C,Naypyitaw,0,1,ST,44.86,10,22.43,471.03,2019-01-26,19:54:00,E,448.6,22.43,8.2
847-38-7188,B,Mandalay,0,1,FB,96.68,3,14.502,304.542,2019-01-26,19:56:00,E,290.04,14.502,6.4
641-43-2399,B,Mandalay,0,0,HL,25.55,4,5.11,107.31,2019-01-26,20:23:00,E,102.2,5.11,5.7
624-01-8356,B,Mandalay,0,1,HL,49.01,10,24.505,514.605,2019-01-27,10:44:00,CC,490.1,24.505,4.2
862-59-8517,C,Naypyitaw,0,1,FB,90.24,6,27.072,568.512,2019-01-27,11:17:00,C,541.44,27.072,6.2
870-54-3162,A,Yangon,0,1,ST,32.25,5,8.0625,169.3125,2019-01-27,13:26:00,C,161.25,8.0625,9.0
325-90-8763,C,Naypyitaw,1,1,EA,46.57,10,23.285,488.985,2019-01-27,13:58:00,C,465.7,23.285,7.6
613-59-9758,C,Naypyitaw,0,1,ST,14.36,10,7.18,150.78,2019-01-27,14:28:00,C,143.6,7.18,5.4
534-01-4457,A,Yangon,0,0,FB,81.71,6,24.513,514.773,2019-01-27,14:36:00,CC,490.26,24.513,8.0
394-41-0748,C,Naypyitaw,1,1,FA,54.07,9,24.3315,510.9615,2019-01-27,14:55:00,E,486.63,24.3315,9.5
633-91-1052,A,Yangon,0,1,HL,12.03,2,1.203,25.263,2019-01-27,15:51:00,C,24.06,1.203,5.1
788-07-8452,C,Naypyitaw,1,1,HL,24.24,7,8.484,178.164,2019-01-27,17:38:00,E,169.68,8.484,9.4
595-27-4851,A,Yangon,0,1,FA,54.28,7,18.998,398.958,2019-01-27,18:05:00,E,379.96,18.998,9.3
585-90-0249,A,Yangon,1,0,EA,73.26,1,3.663,76.923,2019-01-27,18:08:00,E,73.26,3.663,9.7
620-02-2046,C,Naypyitaw,0,0,HL,69.4,2,6.94,145.74,2019-01-27,19:48:00,E,138.8,6.94,9.0
869-11-3082,B,Mandalay,1,0,HB,96.16,4,19.232,403.872,2019-01-27,20:03:00,CC,384.64,19.232,8.4
123-19-1176,A,Yangon,1,0,HB,58.22,8,23.288,489.048,2019-01-27,20:33:00,E,465.76,23.288,8.4
544-55-9589,B,Mandalay,1,1,EA,21.43,10,10.715,225.015,2019-01-28,11:51:00,C,214.3,10.715,6.2
149-71-6266,B,Mandalay,1,0,ST,78.07,9,35.1315,737.7615,2019-01-28,12:43:00,C,702.63,35.1315,4.5
400-89-4171,C,Naypyitaw,0,1,ST,80.97,8,32.388,680.148,2019-01-28,13:05:00,C,647.76,32.388,9.3
222-42-0244,B,Mandalay,1,1,HB,72.11,9,32.4495,681.4395,2019-01-28,13:53:00,CC,648.99,32.4495,7.7
211-30-9270,C,Naypyitaw,0,0,HB,17.41,5,4.3525,91.4025,2019-01-28,15:16:00,CC,87.05,4.3525,4.9
430-53-4718,B,Mandalay,1,0,HB,75.37,8,30.148,633.108,2019-01-28,15:46:00,CC,602.96,30.148,8.4
243-47-2663,C,Naypyitaw,1,0,EA,18.77,6,5.631,118.251,2019-01-28,16:43:00,CC,112.62,5.631,5.5
342-65-4817,C,Naypyitaw,1,0,HB,86.8,3,13.02,273.42,2019-01-28,16:47:00,E,260.4,13.02,9.9
865-41-9075,A,Yangon,0,0,FB,11.53,7,4.0355,84.7455,2019-01-28,17:35:00,C,80.71,4.0355,8.1
699-88-1972,B,Mandalay,0,0,HB,99.16,8,39.664,832.944,2019-01-28,17:47:00,CC,793.28,39.664,4.2
390-80-5128,B,Mandalay,1,1,HB,19.15,1,0.9575,20.1075,2019-01-28,17:58:00,CC,19.15,0.9575,9.5
372-26-1506,C,Naypyitaw,0,1,FA,23.82,5,5.955,125.055,2019-01-28,19:24:00,E,119.1,5.955,5.4
593-65-1552,C,Naypyitaw,0,1,HL,69.81,4,13.962,293.202,2019-01-28,20:50:00,CC,279.24,13.962,5.9
726-29-6793,A,Yangon,1,0,EA,24.18,8,9.672,203.112,2019-01-28,20:54:00,E,193.44,9.672,9.8
606-80-4905,C,Naypyitaw,1,1,ST,19.15,6,5.745,120.645,2019-01-29,10:01:00,CC,114.9,5.745,6.8
862-17-9201,B,Mandalay,0,1,FB,84.05,6,25.215,529.515,2019-01-29,10:48:00,CC,504.3,25.215,7.7
575-67-1508,A,Yangon,0,0,EA,38.6,1,1.93,40.53,2019-01-29,11:26:00,E,38.6,1.93,6.7
343-61-3544,B,Mandalay,1,0,ST,26.67,10,13.335,280.035,2019-01-29,11:48:00,C,266.7,13.335,8.6
746-94-0204,A,Yangon,0,0,FA,83.24,9,37.458,786.618,2019-01-29,11:56:00,CC,749.16,37.458,7.4
382-25-8917,C,Naypyitaw,0,0,FA,42.08,6,12.624,265.104,2019-01-29,12:25:00,C,252.48,12.624,8.9
233-67-5758,C,Naypyitaw,0,0,HB,40.35,1,2.0175,42.3675,2019-01-29,13:46:00,E,40.35,2.0175,6.2
110-48-7033,B,Mandalay,1,0,FA,32.62,4,6.524,137.004,2019-01-29,14:12:00,C,130.48,6.524,9.0
137-63-5492,C,Naypyitaw,0,0,EA,58.76,10,29.38,616.98,2019-01-29,14:26:00,E,587.6,29.38,9.0
816-72-8853,A,Yangon,1,1,ST,27.93,5,6.9825,146.6325,2019-01-29,15:48:00,C,139.65,6.9825,5.9
569-76-2760,A,Yangon,1,1,ST,22.01,4,4.402,92.442,2019-01-29,18:15:00,CC,88.04,4.402,6.6
800-09-8606,A,Yangon,1,1,HL,87.37,5,21.8425,458.6925,2019-01-29,19:45:00,C,436.85,21.8425,6.6
804-38-3935,A,Yangon,1,0,EA,93.78,3,14.067,295.407,2019-01-30,11:32:00,CC,281.34,14.067,5.9
182-69-8360,B,Mandalay,0,1,EA,23.65,4,4.73,99.33,2019-01-30,13:32:00,CC,94.6,4.73,4.0
134-54-4720,B,Mandalay,0,1,EA,42.42,8,16.968,356.328,2019-01-30,13:58:00,E,339.36,16.968,5.7
664-14-2882,C,Naypyitaw,1,1,HL,10.53,5,2.6325,55.2825,2019-01-30,14:43:00,CC,52.65,2.6325,5.8
416-13-5917,C,Naypyitaw,0,1,FB,97.03,5,24.2575,509.4075,2019-01-30,16:24:00,E,485.15,24.2575,9.3
862-29-5914,C,Naypyitaw,0,1,ST,22.38,1,1.119,23.499,2019-01-30,17:08:00,CC,22.38,1.119,8.6
423-80-0988,C,Naypyitaw,0,0,ST,76.4,2,7.64,160.44,2019-01-30,19:42:00,E,152.8,7.64,6.5
283-26-5248,C,Naypyitaw,1,1,FB,98.52,10,4.154,87.234,2019-01-30,20:23:00,E,83.08,4.154,4.5
556-72-8512,C,Naypyitaw,0,0,HL,22.96,1,1.148,24.108,2019-01-30,20:47:00,C,22.96,1.148,4.3
522-57-8364,A,Yangon,1,0,FA,51.34,8,20.536,431.256,2019-01-31,10:00:00,E,410.72,20.536,7.6
189-55-2313,C,Naypyitaw,0,1,FA,62.18,10,31.09,652.89,2019-01-31,10:33:00,E,621.8,31.09,6.0
735-32-9839,C,Naypyitaw,1,0,FA,98.7,8,39.48,829.08,2019-01-31,10:36:00,E,789.6,39.48,8.5
366-93-0948,A,Yangon,1,0,EA,66.35,1,3.3175,69.6675,2019-01-31,10:46:00,CC,66.35,3.3175,9.7
226-71-3580,C,Naypyitaw,0,1,ST,23.75,9,10.6875,224.4375,2019-01-31,12:02:00,C,213.75,10.6875,9.5
525-88-7307,B,Mandalay,1,0,ST,75.82,1,3.791,79.611,2019-01-31,13:19:00,C,75.82,3.791,5.8
239-36-3640,B,Mandalay,1,0,EA,45.35,6,13.605,285.705,2019-01-31,13:44:00,E,272.1,13.605,6.1
187-83-5490,A,Yangon,1,0,EA,20.77,4,4.154,87.234,2019-01-31,13:47:00,C,83.08,4.154,4.7
532-59-7201,B,Mandalay,1,0,ST,79.93,6,23.979,503.559,2019-01-31,14:04:00,C,479.58,23.979,5.5
525-09-8450,B,Mandalay,0,0,EA,72.13,10,36.065,757.365,2019-01-31,15:12:00,CC,721.3,36.065,4.2
583-72-1480,C,Naypyitaw,1,0,EA,37.06,4,7.412,155.652,2019-01-31,16:24:00,E,148.24,7.412,9.7
286-75-7818,B,Mandalay,0,0,FA,69.08,2,6.908,145.068,2019-01-31,19:48:00,CC,138.16,6.908,6.9
457-94-0464,B,Mandalay,1,0,EA,87.87,9,39.5415,830.3715,2019-01-31,20:32:00,E,790.83,39.5415,5.6
834-45-5519,B,Mandalay,0,1,EA,43.0,4,8.6,180.6,2019-01-31,20:48:00,E,172.0,8.6,7.6
870-76-1733,A,Yangon,1,1,FB,14.23,5,3.5575,74.7075,2019-02-01,10:08:00,CC,71.15,3.5575,4.4
551-21-3069,C,Naypyitaw,0,1,EA,23.07,9,10.3815,218.0115,2019-02-01,11:27:00,C,207.63,10.3815,4.9
105-31-1824,A,Yangon,1,0,ST,69.52,7,24.332,510.972,2019-02-01,15:10:00,CC,486.64,24.332,8.5
358-88-9262,C,Naypyitaw,1,1,FB,87.48,6,26.244,551.124,2019-02-01,18:43:00,E,524.88,26.244,5.1
443-82-0585,A,Yangon,1,1,HB,77.68,4,15.536,326.256,2019-02-01,19:54:00,C,310.72,15.536,8.4
237-01-6122,C,Naypyitaw,1,1,HL,80.79,9,36.3555,763.4655,2019-02-01,20:31:00,CC,727.11,36.3555,9.5
554-53-8700,C,Naypyitaw,1,0,HL,56.11,2,5.611,117.831,2019-02-02,10:11:00,C,112.22,5.611,6.3
717-96-4189,C,Naypyitaw,0,1,EA,35.49,6,10.647,223.587,2019-02-02,12:40:00,C,212.94,10.647,4.1
376-56-3573,C,Naypyitaw,0,1,FA,95.42,4,19.084,400.764,2019-02-02,13:23:00,E,381.68,19.084,6.4
756-93-1854,C,Naypyitaw,1,1,FA,83.35,2,8.335,175.035,2019-02-02,14:05:00,CC,166.7,8.335,9.5
845-51-0542,B,Mandalay,1,0,FB,46.55,9,20.9475,439.8975,2019-02-02,15:34:00,E,418.95,20.9475,6.4
420-18-8989,A,Yangon,1,1,ST,51.52,8,20.608,432.768,2019-02-02,15:47:00,C,412.16,20.608,9.6
390-17-5806,C,Naypyitaw,1,1,FB,38.42,1,1.921,40.341,2019-02-02,16:33:00,C,38.42,1.921,8.6
405-31-3305,A,Yangon,1,0,FA,43.13,10,21.565,452.865,2019-02-02,18:31:00,CC,431.3,21.565,5.5
376-02-8238,B,Mandalay,0,0,HL,93.87,8,37.548,788.508,2019-02-02,18:42:00,CC,750.96,37.548,8.3
382-03-4532,A,Yangon,1,1,HB,18.33,1,0.9165,19.2465,2019-02-02,18:50:00,C,18.33,0.9165,4.3
201-86-2184,B,Mandalay,1,1,EA,26.26,7,9.191,193.011,2019-02-02,19:40:00,C,183.82,9.191,9.9
541-08-3113,C,Naypyitaw,0,0,FB,65.97,8,26.388,554.148,2019-02-02,20:29:00,C,527.76,26.388,8.4
418-05-0656,B,Mandalay,0,1,FA,25.56,7,8.946,187.866,2019-02-02,20:42:00,C,178.92,8.946,7.1
642-32-2990,A,Yangon,0,1,FB,10.96,10,5.48,115.08,2019-02-02,20:48:00,E,109.6,5.48,6.0
326-71-2155,C,Naypyitaw,0,1,ST,73.95,4,14.79,310.59,2019-02-03,10:02:00,C,295.8,14.79,6.1
326-78-5178,C,Naypyitaw,1,0,FB,91.4,7,31.99,671.79,2019-02-03,10:19:00,C,639.8,31.99,9.5
585-86-8361,A,Yangon,0,1,FB,27.28,5,6.82,143.22,2019-02-03,10:31:00,CC,136.4,6.82,8.6
443-59-0061,A,Yangon,1,0,FB,67.45,10,33.725,708.225,2019-02-03,11:25:00,E,674.5,33.725,4.2
322-02-2271,B,Mandalay,0,1,ST,42.97,3,6.4455,135.3555,2019-02-03,11:46:00,C,128.91,6.4455,9.3
347-34-2234,B,Mandalay,1,1,ST,55.07,9,24.7815,520.4115,2019-02-03,13:40:00,E,495.63,24.7815,10.0
190-59-3964,A,Mandalay,1,0,FB,47.16,5,11.79,247.59,2019-02-03,14:35:00,CC,235.8,11.79,6.0
430-60-3493,A,Yangon,1,1,HL,94.88,7,33.208,697.368,2019-02-03,14:38:00,C,664.16,33.208,4.2
639-76-1242,C,Naypyitaw,0,0,FB,40.52,5,10.13,212.73,2019-02-03,15:19:00,C,202.6,10.13,4.5
277-63-2961,B,Mandalay,1,0,ST,73.97,1,3.6985,77.6685,2019-02-03,15:53:00,CC,73.97,3.6985,5.4
566-71-1091,A,Yangon,0,0,FA,77.02,5,19.255,404.355,2019-02-03,15:59:00,C,385.1,19.255,5.5
718-57-9773,C,Naypyitaw,0,1,ST,49.33,10,24.665,517.965,2019-02-03,16:40:00,CC,493.3,24.665,9.4
742-04-5161,A,Yangon,1,0,HL,72.78,10,36.39,764.19,2019-02-03,17:24:00,C,727.8,36.39,7.3
676-10-2200,B,Mandalay,1,0,FA,53.78,1,2.689,56.469,2019-02-03,20:13:00,E,53.78,2.689,4.7
745-71-3520,A,Yangon,1,1,EA,25.22,7,8.827,185.367,2019-02-04,10:23:00,C,176.54,8.827,8.2
441-94-7118,A,Yangon,1,0,EA,71.95,1,3.5975,75.5475,2019-02-04,12:14:00,C,71.95,3.5975,7.3
268-20-3585,C,Naypyitaw,0,1,HB,13.85,9,6.2325,130.8825,2019-02-04,12:50:00,E,124.65,6.2325,6.0
627-95-3243,B,Mandalay,1,1,HL,77.68,9,34.956,734.076,2019-02-04,13:21:00,E,699.12,34.956,9.8
236-86-3015,C,Naypyitaw,1,0,HL,13.98,1,0.699,14.679,2019-02-04,13:38:00,E,13.98,0.699,9.8
518-17-2983,A,Yangon,0,1,FA,48.63,4,9.726,204.246,2019-02-04,15:44:00,E,194.52,9.726,7.6
404-91-5964,A,Yangon,0,0,EA,74.58,7,26.103,548.163,2019-02-04,16:09:00,CC,522.06,26.103,9.0
695-28-6250,A,Yangon,0,1,ST,43.06,5,10.765,226.065,2019-02-04,16:38:00,E,215.3,10.765,7.7
434-35-9162,B,Mandalay,1,0,FB,23.34,4,4.668,98.028,2019-02-04,18:53:00,E,93.36,4.668,7.4
198-66-9832,B,Mandalay,1,1,FA,72.04,2,7.204,151.284,2019-02-04,19:38:00,C,144.08,7.204,9.5
151-33-7434,B,Mandalay,0,1,FB,67.77,1,3.3885,71.1585,2019-02-04,20:43:00,CC,67.77,3.3885,6.5
729-09-9681,A,Yangon,1,0,HL,25.91,6,7.773,163.233,2019-02-05,10:16:00,E,155.46,7.773,8.7
409-49-6995,A,Naypyitaw,1,1,FB,47.27,6,14.181,297.801,2019-02-05,10:17:00,C,283.62,14.181,8.8
210-67-5886,C,Naypyitaw,1,1,HB,98.21,3,14.7315,309.3615,2019-02-05,10:41:00,CC,294.63,14.7315,7.8
479-26-8945,B,Mandalay,1,1,ST,16.49,2,1.649,34.629,2019-02-05,11:32:00,E,32.98,1.649,4.6
880-35-0356,A,Yangon,1,1,ST,75.2,3,11.28,236.88,2019-02-05,11:51:00,E,225.6,11.28,4.8
210-57-1719,B,Mandalay,0,1,HB,58.24,9,26.208,550.368,2019-02-05,12:34:00,C,524.16,26.208,9.7
307-04-2070,A,Yangon,1,1,FA,30.62,1,1.531,32.151,2019-02-05,14:14:00,CC,30.62,1.531,4.1
374-17-3652,B,Mandalay,1,1,FB,42.82,9,19.269,404.649,2019-02-05,15:26:00,CC,385.38,19.269,8.9
324-92-3863,A,Yangon,1,0,EA,20.89,2,2.089,43.869,2019-02-05,18:45:00,C,41.78,2.089,9.8
181-94-6432,C,Naypyitaw,1,0,FA,69.33,2,6.933,145.593,2019-02-05,19:05:00,E,138.66,6.933,9.7
325-89-4209,A,Yangon,1,0,FB,87.9,1,4.395,92.295,2019-02-05,19:42:00,E,87.9,4.395,6.7
338-65-2210,C,Naypyitaw,1,1,HB,68.6,10,34.3,720.3,2019-02-05,19:57:00,C,686.0,34.3,9.1
471-06-8611,C,Naypyitaw,0,1,FB,52.42,1,2.621,55.041,2019-02-06,10:22:00,CC,52.42,2.621,6.3
183-56-6882,C,Naypyitaw,1,1,FB,99.42,4,19.884,417.564,2019-02-06,10:42:00,E,397.68,19.884,7.5
609-81-8548,A,Yangon,1,1,HL,37.44,6,11.232,235.872,2019-02-06,13:55:00,CC,224.64,11.232,5.9
149-14-0304,C,Naypyitaw,1,1,HB,28.5,8,11.4,239.4,2019-02-06,14:24:00,C,228.0,11.4,6.6
875-46-5808,B,Mandalay,1,0,HB,25.9,10,12.95,271.95,2019-02-06,14:51:00,E,259.0,12.95,8.7
811-35-1094,B,Mandalay,1,0,EA,50.45,6,15.135,317.835,2019-02-06,15:16:00,CC,302.7,15.135,8.9
727-46-3608,B,Mandalay,1,1,FB,20.01,9,9.0045,189.0945,2019-02-06,15:47:00,E,180.09,9.0045,4.1
595-86-2894,C,Naypyitaw,1,0,FA,96.98,4,19.396,407.316,2019-02-06,17:20:00,E,387.92,19.396,9.4
351-62-0822,B,Mandalay,1,1,FA,14.48,4,2.896,60.816,2019-02-06,18:07:00,E,57.92,2.896,4.5
258-92-7466,A,Yangon,0,1,HB,35.68,5,8.92,187.32,2019-02-06,18:33:00,CC,178.4,8.92,6.6
373-88-1424,C,Naypyitaw,1,0,HL,35.81,5,8.9525,188.0025,2019-02-06,18:44:00,E,179.05,8.9525,7.9
857-67-9057,B,Mandalay,0,0,EA,22.95,10,11.475,240.975,2019-02-06,19:20:00,E,229.5,11.475,8.2
512-91-0811,C,Naypyitaw,0,0,HB,89.75,1,4.4875,94.2375,2019-02-06,20:05:00,CC,89.75,4.4875,6.6
453-33-6436,A,Yangon,0,1,HL,93.12,8,37.248,782.208,2019-02-07,10:09:00,C,744.96,37.248,6.8
421-95-9805,A,Yangon,0,1,EA,28.96,1,1.448,30.408,2019-02-07,10:18:00,CC,28.96,1.448,6.2
635-40-6220,A,Yangon,0,0,HB,89.6,8,35.84,752.64,2019-02-07,11:28:00,E,716.8,35.84,6.6
827-44-5872,B,Mandalay,1,1,FB,54.36,10,27.18,570.78,2019-02-07,11:28:00,CC,543.6,27.18,6.1
583-41-4548,C,Naypyitaw,0,0,HL,16.67,7,5.8345,122.5245,2019-02-07,11:36:00,E,116.69,5.8345,7.4
626-43-7888,C,Naypyitaw,0,1,FA,60.41,8,24.164,507.444,2019-02-07,12:23:00,E,483.28,24.164,9.6
380-94-4661,C,Naypyitaw,1,0,EA,65.94,4,13.188,276.948,2019-02-07,13:05:00,CC,263.76,13.188,6.9
560-49-6611,A,Yangon,1,1,ST,45.58,1,2.279,47.859,2019-02-07,14:13:00,C,45.58,2.279,9.8
784-21-9238,C,Naypyitaw,1,0,ST,10.17,1,0.5085,10.6785,2019-02-07,14:15:00,C,10.17,0.5085,5.9
648-94-3045,C,Naypyitaw,0,0,HB,58.95,10,29.475,618.975,2019-02-07,14:27:00,E,589.5,29.475,8.1
810-60-6344,C,Naypyitaw,0,1,EA,40.86,8,16.344,343.224,2019-02-07,14:38:00,CC,326.88,16.344,6.5
114-35-5271,B,Mandalay,0,1,EA,57.91,8,23.164,486.444,2019-02-07,15:06:00,C,463.28,23.164,8.1
430-02-3888,B,Mandalay,0,0,EA,46.02,6,13.806,289.926,2019-02-07,15:55:00,C,276.12,13.806,7.1
252-56-2699,A,Yangon,0,0,FB,43.19,10,21.595,453.495,2019-02-07,16:48:00,E,431.9,21.595,8.2
641-96-3695,C,Naypyitaw,1,1,FA,43.46,6,13.038,273.798,2019-02-07,17:55:00,E,260.76,13.038,8.5
744-82-9138,C,Naypyitaw,0,0,FA,86.13,2,8.613,180.873,2019-02-07,17:59:00,C,172.26,8.613,8.2
214-17-6927,C,Naypyitaw,0,1,FB,16.48,6,4.944,103.824,2019-02-07,18:23:00,E,98.88,4.944,9.9
868-81-1752,B,Mandalay,0,0,HL,22.02,9,9.909,208.089,2019-02-07,18:48:00,C,198.18,9.909,6.8
374-38-5555,B,Mandalay,0,1,FA,63.71,5,15.9275,334.4775,2019-02-07,19:30:00,E,318.55,15.9275,8.5
533-33-5337,B,Mandalay,0,0,EA,79.39,10,39.695,833.595,2019-02-07,20:24:00,C,793.9,39.695,6.2
373-73-7910,A,Yangon,0,0,ST,86.31,7,30.2085,634.3785,2019-02-08,10:37:00,E,604.17,30.2085,5.3
732-04-5373,B,Mandalay,1,0,HL,46.47,4,9.294,195.174,2019-02-08,10:53:00,C,185.88,9.294,7.0
181-82-6255,B,Mandalay,0,1,HL,16.37,6,4.911,103.131,2019-02-08,10:58:00,C,98.22,4.911,7.0
549-84-7482,B,Mandalay,0,1,ST,90.28,9,40.626,853.146,2019-02-08,11:15:00,E,812.52,40.626,7.2
756-49-0168,A,Yangon,1,0,FA,19.7,1,0.985,20.685,2019-02-08,11:39:00,E,19.7,0.985,9.5
815-04-6282,C,Naypyitaw,1,1,ST,64.97,5,16.2425,341.0925,2019-02-08,12:52:00,CC,324.85,16.2425,6.5
271-88-8734,C,Naypyitaw,1,1,FA,97.21,10,4.154,87.234,2019-02-08,13:00:00,CC,83.08,4.154,8.7
354-25-5821,B,Mandalay,1,1,ST,69.12,6,20.736,435.456,2019-02-08,13:03:00,C,414.72,20.736,5.6
440-59-5691,C,Naypyitaw,1,1,HB,37.15,7,13.0025,273.0525,2019-02-08,13:12:00,CC,260.05,13.0025,7.7
830-58-2383,B,Mandalay,0,0,HL,31.75,4,6.35,133.35,2019-02-08,15:26:00,C,127.0,6.35,8.6
649-29-6775,B,Mandalay,0,0,FA,33.52,1,1.676,35.196,2019-02-08,15:31:00,C,33.52,1.676,6.7
687-47-8271,A,Yangon,0,0,FA,98.98,10,4.154,87.234,2019-02-08,16:20:00,CC,83.08,4.154,8.7
130-98-8941,C,Naypyitaw,0,0,FA,64.26,7,22.491,472.311,2019-02-09,10:00:00,C,449.82,22.491,5.7
746-19-0921,C,Naypyitaw,0,0,FB,21.58,1,1.079,22.659,2019-02-09,10:02:00,E,21.58,1.079,7.2
428-83-5800,C,Naypyitaw,1,1,FB,21.08,3,3.162,66.402,2019-02-09,10:25:00,C,63.24,3.162,7.3
447-15-7839,A,Yangon,1,1,ST,22.24,10,11.12,233.52,2019-02-09,11:00:00,C,222.4,11.12,4.2
200-40-6154,B,Mandalay,1,0,HL,65.91,6,19.773,415.233,2019-02-09,11:45:00,C,395.46,19.773,5.7
509-10-0516,B,Mandalay,0,0,HL,45.97,4,9.194,193.074,2019-02-09,12:02:00,E,183.88,9.194,5.1
871-39-9221,C,Naypyitaw,0,1,EA,12.45,6,3.735,78.435,2019-02-09,13:11:00,C,74.7,3.735,4.1
727-02-1313,A,Yangon,1,0,FB,31.84,1,1.592,33.432,2019-02-09,13:22:00,C,31.84,1.592,7.7
602-80-9671,C,Naypyitaw,1,1,HL,15.95,6,4.785,100.485,2019-02-09,17:15:00,CC,95.7,4.785,5.1
450-42-3339,C,Naypyitaw,0,0,HB,84.61,10,42.305,888.405,2019-02-09,18:58:00,CC,846.1,42.305,8.8
146-09-5432,A,Yangon,1,0,FB,35.04,9,15.768,331.128,2019-02-09,19:17:00,E,315.36,15.768,4.6
866-05-7563,B,Mandalay,1,1,EA,81.4,3,12.21,256.41,2019-02-09,19:43:00,C,244.2,12.21,4.8
747-58-7183,B,Mandalay,0,0,FA,57.27,3,8.5905,180.4005,2019-02-09,20:31:00,E,171.81,8.5905,6.5
685-64-1609,A,Yangon,1,1,FA,30.14,10,15.07,316.47,2019-02-10,12:28:00,E,301.4,15.07,9.2
669-54-1719,B,Mandalay,1,0,EA,18.93,6,5.679,119.259,2019-02-10,12:45:00,CC,113.58,5.679,8.1
400-60-7251,A,Yangon,0,0,HL,74.07,1,3.7035,77.7735,2019-02-10,12:50:00,E,74.07,3.7035,9.9
559-98-9873,A,Yangon,1,1,FA,53.65,7,18.7775,394.3275,2019-02-10,12:56:00,E,375.55,18.7775,5.2
448-34-8700,B,Mandalay,1,0,HL,36.91,7,12.9185,271.2885,2019-02-10,13:51:00,E,258.37,12.9185,6.7
196-01-2849,C,Naypyitaw,1,1,FA,73.38,7,25.683,539.343,2019-02-10,13:56:00,C,513.66,25.683,9.5
162-48-8011,A,Yangon,1,1,FB,44.59,5,11.1475,234.0975,2019-02-10,15:10:00,C,222.95,11.1475,8.5
838-78-4295,C,Naypyitaw,0,1,HB,33.47,2,3.347,70.287,2019-02-10,15:43:00,E,66.94,3.347,6.7
378-07-7001,B,Mandalay,1,0,EA,48.09,3,7.2135,151.4835,2019-02-10,18:23:00,CC,144.27,7.2135,7.8
695-51-0018,B,Mandalay,0,1,ST,34.84,4,6.968,146.328,2019-02-10,18:36:00,C,139.36,6.968,7.4
227-07-4446,C,Naypyitaw,1,1,EA,78.13,10,39.065,,2019-02-10,20:51:00,C,781.3,39.065,4.4
842-40-8179,B,Mandalay,1,1,FB,77.2,10,38.6,810.6,2019-02-11,10:38:00,CC,772.0,38.6,5.6
284-34-9626,B,Mandalay,0,1,HL,77.04,3,11.556,242.676,2019-02-11,10:39:00,CC,231.12,11.556,7.2
418-02-5978,B,Mandalay,0,1,HB,84.09,9,37.8405,794.6505,2019-02-11,10:54:00,C,756.81,37.8405,8.0
531-56-4728,A,Yangon,0,0,HL,80.08,3,12.012,252.252,2019-02-11,15:29:00,C,240.24,12.012,5.4
866-99-7614,C,Naypyitaw,0,0,FB,89.2,10,44.6,936.6,2019-02-11,15:42:00,CC,892.0,44.6,4.4
534-53-3526,A,Yangon,0,1,ST,94.76,4,18.952,397.992,2019-02-11,16:06:00,E,379.04,18.952,7.8
796-12-2025,C,Naypyitaw,0,0,FA,62.12,10,31.06,652.26,2019-02-11,16:19:00,C,621.2,31.06,5.9
401-09-4232,C,Naypyitaw,1,0,HL,86.69,5,21.6725,455.1225,2019-02-11,18:38:00,E,433.45,21.6725,9.4
365-64-0515,A,Yangon,0,1,EA,46.95,5,11.7375,246.4875,2019-02-12,10:25:00,E,234.75,11.7375,7.1
549-03-9315,B,Mandalay,0,0,FA,94.87,8,37.948,796.908,2019-02-12,12:58:00,E,758.96,37.948,8.7
373-14-0504,A,Yangon,1,1,ST,71.63,2,7.163,150.423,2019-02-12,14:33:00,E,143.26,7.163,8.8
641-51-2661,C,Naypyitaw,1,1,FB,87.1,10,43.55,914.55,2019-02-12,14:45:00,CC,871.0,43.55,9.9
305-18-3552,B,Mandalay,1,0,HL,60.38,10,30.19,633.99,2019-02-12,16:19:00,C,603.8,30.19,6.0
885-56-0389,C,Naypyitaw,1,0,FA,52.35,1,2.6175,54.9675,2019-02-12,17:49:00,C,52.35,2.6175,4.0
287-83-1405,A,Yangon,0,0,HB,25.43,6,7.629,160.209,2019-02-12,19:01:00,E,152.58,7.629,7.0
528-87-5606,B,Mandalay,1,1,EA,39.48,1,1.974,41.454,2019-02-12,19:43:00,C,39.48,1.974,6.5
139-52-2867,C,Naypyitaw,0,1,FA,22.51,7,7.8785,165.4485,2019-02-13,10:50:00,CC,157.57,7.8785,4.8
173-50-1108,B,Mandalay,1,1,ST,20.18,4,4.036,84.756,2019-02-13,12:14:00,CC,80.72,4.036,5.0
151-16-1484,A,Yangon,1,0,EA,32.25,4,6.45,135.45,2019-02-13,12:38:00,E,129.0,6.45,6.5
388-76-2555,B,Mandalay,0,0,ST,13.69,6,4.107,86.247,2019-02-13,13:59:00,C,82.14,4.107,6.3
339-18-7061,C,Naypyitaw,1,1,FA,92.98,2,9.298,195.258,2019-02-13,15:06:00,CC,185.96,9.298,8.0
767-54-1907,B,Mandalay,1,1,FA,29.56,5,7.39,155.19,2019-02-13,16:59:00,C,147.8,7.39,6.9
549-23-9016,C,Naypyitaw,1,1,FB,14.87,2,1.487,31.227,2019-02-13,18:15:00,CC,29.74,1.487,8.9
563-36-9814,A,Yangon,1,0,EA,76.82,1,3.841,80.661,2019-02-13,18:27:00,E,76.82,3.841,7.2
235-46-8343,C,Naypyitaw,1,0,FB,27.66,10,13.83,290.43,2019-02-14,11:26:00,CC,276.6,13.83,8.9
109-86-4363,B,Mandalay,1,1,ST,60.08,7,21.028,441.588,2019-02-14,11:36:00,CC,420.56,21.028,4.5
545-07-8534,C,Naypyitaw,0,1,HB,58.32,2,5.832,122.472,2019-02-14,12:42:00,E,116.64,5.832,6.0
853-23-2453,B,Mandalay,1,0,HB,75.74,4,15.148,318.108,2019-02-14,14:35:00,C,302.96,15.148,7.6
528-14-9470,A,Yangon,1,0,HB,91.3,1,4.565,95.865,2019-02-14,14:42:00,E,91.3,4.565,9.2
150-89-8043,A,Yangon,0,0,ST,44.65,3,6.6975,140.6475,2019-02-14,15:04:00,C,133.95,6.6975,6.2
638-60-7125,A,Yangon,0,1,EA,99.56,8,39.824,836.304,2019-02-14,17:03:00,CC,796.48,39.824,5.2
174-36-3675,C,Naypyitaw,1,0,FB,99.37,2,9.937,208.677,2019-02-14,17:29:00,C,198.74,9.937,5.2
305-03-2383,A,Yangon,0,1,FB,67.1,3,10.065,211.365,2019-02-15,10:36:00,C,201.3,10.065,7.5
233-34-0817,C,Naypyitaw,1,1,EA,98.84,1,4.942,103.782,2019-02-15,11:21:00,C,98.84,4.942,8.4
246-11-3901,C,Naypyitaw,0,1,EA,32.8,10,16.4,344.4,2019-02-15,12:12:00,C,328.0,16.4,6.2
541-89-9860,C,Naypyitaw,1,1,FA,80.48,3,12.072,253.512,2019-02-15,12:31:00,C,241.44,12.072,8.1
394-43-4238,B,Mandalay,1,0,HL,17.77,5,4.4425,93.2925,2019-02-15,12:42:00,CC,88.85,4.4425,5.4
227-78-1148,B,Mandalay,0,1,FA,72.84,7,25.494,535.374,2019-02-15,12:44:00,C,509.88,25.494,8.4
152-68-2907,A,Yangon,0,0,FB,52.2,3,7.83,164.43,2019-02-15,13:30:00,CC,156.6,7.83,9.5
234-36-2483,B,Mandalay,0,0,HB,57.59,6,17.277,362.817,2019-02-15,13:51:00,C,345.54,17.277,5.1
710-46-4433,B,Mandalay,1,1,FB,77.4,9,34.83,731.43,2019-02-15,14:15:00,CC,696.6,34.83,4.5
860-79-0874,C,Naypyitaw,1,1,FA,99.3,10,4.154,87.234,2019-02-15,14:53:00,CC,83.08,4.154,6.6
497-36-0989,A,Yangon,0,0,FA,51.94,3,7.791,163.611,2019-02-15,15:21:00,C,155.82,7.791,7.9
136-08-6195,A,Yangon,0,1,HL,69.96,8,27.984,587.664,2019-02-15,17:01:00,CC,559.68,27.984,6.4
556-41-6224,C,Naypyitaw,0,0,HB,33.64,8,13.456,282.576,2019-02-15,17:10:00,CC,269.12,13.456,9.3
321-49-7382,B,Mandalay,1,0,ST,88.31,1,4.4155,92.7255,2019-02-15,17:38:00,CC,88.31,4.4155,5.2
285-68-5083,C,Naypyitaw,1,1,ST,24.74,3,3.711,77.931,2019-02-15,17:47:00,CC,74.22,3.711,10.0
372-94-8041,A,Yangon,0,0,HB,15.26,6,4.578,96.138,2019-02-15,18:03:00,E,91.56,4.578,9.8
873-95-4984,B,Mandalay,1,1,HB,76.9,7,26.915,565.215,2019-02-15,20:21:00,C,538.3,26.915,7.7
400-80-4065,C,Naypyitaw,1,0,HB,68.55,4,13.71,287.91,2019-02-15,20:21:00,CC,274.2,13.71,9.2
431-66-2305,B,Mandalay,0,1,EA,88.25,9,39.7125,833.9625,2019-02-15,20:51:00,CC,794.25,39.7125,7.6
873-14-6353,A,Yangon,1,0,FB,24.82,7,8.687,182.427,2019-02-16,10:33:00,CC,173.74,8.687,7.1
895-03-6665,B,Mandalay,0,1,FA,36.51,9,16.4295,345.0195,2019-02-16,10:52:00,C,328.59,16.4295,4.2
241-72-9525,B,Mandalay,0,0,ST,51.91,10,25.955,545.055,2019-02-16,12:21:00,C,519.1,25.955,8.2
408-66-6712,C,Naypyitaw,1,1,HB,47.71,6,14.313,300.573,2019-02-16,14:19:00,E,286.26,14.313,4.4
598-06-7312,B,Mandalay,1,0,FA,91.35,1,4.5675,95.9175,2019-02-16,15:42:00,C,91.35,4.5675,6.8
273-84-2164,C,Naypyitaw,1,0,EA,12.05,5,3.0125,63.2625,2019-02-16,15:53:00,E,60.25,3.0125,5.5
587-03-7455,C,Naypyitaw,1,1,FA,97.79,7,34.2265,718.7565,2019-02-16,17:30:00,E,684.53,34.2265,4.9
133-77-3154,B,Mandalay,1,0,FA,60.18,4,12.036,252.756,2019-02-16,18:04:00,CC,240.72,12.036,9.4
612-36-5536,A,Yangon,1,0,FB,80.96,8,32.384,680.064,2019-02-17,11:12:00,CC,647.68,32.384,7.4
636-48-8204,A,Yangon,0,0,EA,34.56,5,8.64,181.44,2019-02-17,11:15:00,E,172.8,8.64,9.9
788-21-5741,A,Yangon,0,0,FA,45.38,3,6.807,142.947,2019-02-17,13:34:00,CC,136.14,6.807,7.2
590-83-4591,B,Mandalay,1,0,EA,87.45,6,26.235,550.935,2019-02-17,14:40:00,CC,524.7,26.235,8.8
785-96-0615,B,Mandalay,1,1,EA,35.74,8,14.296,300.216,2019-02-17,15:28:00,E,285.92,14.296,4.9
131-70-8179,A,Yangon,1,1,HB,92.09,3,13.8135,290.0835,2019-02-17,16:27:00,C,276.27,13.8135,4.2
201-63-8275,C,Naypyitaw,1,1,ST,67.99,7,23.7965,499.7265,2019-02-17,16:50:00,E,475.93,23.7965,5.7
803-17-8013,A,Yangon,1,1,HL,88.79,8,35.516,745.836,2019-02-17,17:09:00,C,710.32,35.516,4.1
634-97-8956,A,Yangon,0,0,FB,32.9,3,4.935,103.635,2019-02-17,17:27:00,CC,98.7,4.935,9.1
389-25-3394,C,Naypyitaw,0,0,EA,11.81,5,2.9525,62.0025,2019-02-17,18:06:00,C,59.05,2.9525,9.4
123-35-4896,C,Naypyitaw,0,1,ST,46.66,9,20.997,440.937,2019-02-17,19:11:00,E,419.94,20.997,5.3
827-77-7633,A,Yangon,0,0,ST,98.09,9,44.1405,926.9505,2019-02-17,19:41:00,C,882.81,44.1405,9.3
420-11-4919,C,Naypyitaw,1,1,FB,71.39,5,17.8475,374.7975,2019-02-17,19:57:00,CC,356.95,17.8475,5.5
652-49-6720,C,Naypyitaw,1,1,EA,60.95,1,3.0475,63.9975,2019-02-18,11:40:00,E,60.95,3.0475,5.9
849-09-3807,A,Yangon,1,1,FA,88.34,7,30.919,649.299,2019-02-18,13:28:00,C,618.38,30.919,6.6
764-44-8999,B,Mandalay,0,1,HB,14.76,2,1.476,30.996,2019-02-18,14:42:00,E,29.52,1.476,4.3
354-39-5160,A,Yangon,1,1,HL,34.42,6,10.326,216.846,2019-02-18,15:39:00,C,206.52,10.326,9.8
787-15-1757,C,Naypyitaw,1,0,HB,44.07,4,8.814,185.094,2019-02-18,16:28:00,E,176.28,8.814,8.4
597-78-7908,C,Naypyitaw,0,0,FA,90.22,3,13.533,284.193,2019-02-18,19:39:00,C,270.66,13.533,6.2
278-97-7759,A,Yangon,1,1,EA,62.48,1,3.124,65.604,2019-02-18,20:29:00,C,62.48,3.124,4.7
409-33-9708,A,Yangon,0,1,FA,98.48,2,9.848,206.808,2019-02-19,10:12:00,E,196.96,9.848,9.2
886-77-9084,C,Naypyitaw,0,0,EA,71.89,8,28.756,603.876,2019-02-19,11:33:00,E,575.12,28.756,5.5
449-16-6770,A,Yangon,0,0,HB,50.79,5,12.6975,266.6475,2019-02-19,14:53:00,CC,253.95,12.6975,5.3
183-21-3799,C,Naypyitaw,0,1,EA,77.63,9,34.9335,733.6035,2019-02-19,15:14:00,E,698.67,34.9335,7.2
272-27-9238,C,Naypyitaw,0,1,FB,41.24,4,8.248,173.208,2019-02-19,16:23:00,C,164.96,8.248,7.1
629-42-4133,C,Naypyitaw,0,0,HB,21.8,8,8.72,183.12,2019-02-19,19:24:00,C,174.4,8.72,8.3
752-23-3760,B,Mandalay,1,1,ST,64.08,7,22.428,470.988,2019-02-19,19:29:00,CC,448.56,22.428,7.3
868-06-0466,A,Yangon,1,0,EA,69.58,9,31.311,657.531,2019-02-19,19:38:00,CC,626.22,31.311,7.8
779-42-2410,B,Mandalay,1,0,FB,57.74,3,8.661,181.881,2019-02-20,13:06:00,E,173.22,8.661,7.7
848-95-6252,C,Naypyitaw,1,1,HL,86.27,1,4.3135,90.5835,2019-02-20,13:24:00,E,86.27,4.3135,7.0
692-92-5582,B,Mandalay,1,1,FB,54.84,3,8.226,172.746,2019-02-20,13:27:00,CC,164.52,8.226,5.9
548-46-9322,B,Mandalay,0,0,FB,39.9,10,19.95,418.95,2019-02-20,15:24:00,CC,399.0,19.95,5.9
546-80-2899,A,Yangon,1,0,HL,37.69,2,3.769,79.149,2019-02-20,15:29:00,E,75.38,3.769,9.5
782-95-9291,A,Yangon,1,0,FB,92.29,5,23.0725,484.5225,2019-02-20,15:55:00,CC,461.45,23.0725,9.0
725-56-0833,A,Yangon,0,1,HB,32.32,10,16.16,339.36,2019-02-20,16:49:00,CC,323.2,16.16,10.0
498-41-1961,B,Mandalay,0,0,HB,66.68,5,16.67,350.07,2019-02-20,18:01:00,C,333.4,16.67,7.6
458-61-0011,B,Mandalay,0,0,FB,60.3,4,12.06,253.26,2019-02-20,18:43:00,C,241.2,12.06,5.8
389-70-2397,C,Naypyitaw,0,1,HB,83.66,5,20.915,439.215,2019-02-21,10:26:00,C,418.3,20.915,7.2
714-02-3114,C,Naypyitaw,0,1,ST,98.8,2,9.88,207.48,2019-02-21,11:39:00,C,197.6,9.88,7.7
279-62-1445,C,Naypyitaw,1,1,FA,12.54,1,0.627,13.167,2019-02-21,12:38:00,C,12.54,0.627,8.2
503-21-4385,B,Mandalay,1,0,HB,39.91,3,5.9865,125.7165,2019-02-21,12:40:00,E,119.73,5.9865,9.3
319-74-2561,A,Yangon,1,1,EA,94.64,3,14.196,298.116,2019-02-21,16:55:00,C,283.92,14.196,5.5
269-04-5750,B,Mandalay,1,0,FA,73.82,4,14.764,310.044,2019-02-21,18:31:00,C,295.28,14.764,6.7
488-25-4221,C,Naypyitaw,1,1,FB,30.41,1,1.5205,31.9305,2019-02-22,10:36:00,CC,30.41,1.5205,8.4
831-64-0259,B,Mandalay,0,1,FA,39.75,5,9.9375,208.6875,2019-02-22,10:43:00,E,198.75,9.9375,9.6
582-52-8065,B,Mandalay,0,1,FA,54.31,9,24.4395,513.2295,2019-02-22,10:49:00,C,488.79,24.4395,8.9
777-67-2495,B,Mandalay,0,0,HL,68.97,3,10.3455,217.2555,2019-02-22,11:26:00,E,206.91,10.3455,8.7
838-02-1821,C,Naypyitaw,1,1,HL,12.73,2,1.273,26.733,2019-02-22,12:10:00,CC,25.46,1.273,5.2
807-14-7833,A,Yangon,1,1,EA,17.42,10,8.71,182.91,2019-02-22,12:30:00,E,174.2,8.71,7.0
864-24-7918,A,Yangon,1,1,ST,24.49,10,12.245,257.145,2019-02-22,15:15:00,C,244.9,12.245,8.1
347-56-2442,A,Yangon,0,0,HL,65.82,1,3.291,69.111,2019-02-22,15:33:00,C,65.82,3.291,4.1
743-88-1662,C,Naypyitaw,0,0,ST,95.49,7,33.4215,701.8515,2019-02-22,18:17:00,E,668.43,33.4215,8.7
837-55-7229,B,Mandalay,0,1,FA,47.44,1,2.372,49.812,2019-02-22,18:19:00,CC,47.44,2.372,6.8
690-01-6631,B,Mandalay,0,0,FA,17.49,10,8.745,183.645,2019-02-22,18:35:00,E,174.9,8.745,6.6
831-81-6575,B,Mandalay,1,1,EA,75.59,9,34.0155,714.3255,2019-02-23,11:12:00,C,680.31,34.0155,8.0
396-90-2219,B,Mandalay,0,1,EA,14.96,8,5.984,125.664,2019-02-23,12:29:00,C,119.68,5.984,8.6
729-46-7422,C,Naypyitaw,0,0,FB,35.89,1,1.7945,37.6845,2019-02-23,16:52:00,CC,35.89,1.7945,7.9
274-05-5470,A,Yangon,1,1,FB,73.47,4,14.694,308.574,2019-02-23,18:30:00,C,293.88,14.694,6.0
787-56-0757,C,Naypyitaw,1,1,FB,80.36,4,16.072,337.512,2019-02-23,18:45:00,CC,321.44,16.072,8.3
503-07-0930,C,Naypyitaw,1,0,ST,58.39,7,20.4365,429.1665,2019-02-23,19:49:00,CC,408.73,20.4365,8.2
695-09-5146,B,Mandalay,1,1,FB,98.79,3,14.8185,311.1885,2019-02-23,20:00:00,E,296.37,14.8185,6.4
190-14-3147,B,Mandalay,0,1,HB,17.97,4,3.594,75.474,2019-02-23,20:43:00,E,71.88,3.594,6.4
186-43-8965,A,Yangon,1,1,HL,47.68,2,4.768,100.128,2019-02-24,10:10:00,CC,95.36,4.768,4.1
803-83-5989,C,Naypyitaw,0,0,HL,55.73,6,16.719,351.099,2019-02-24,10:55:00,E,334.38,16.719,7.0
315-22-5665,C,Naypyitaw,0,1,HL,73.56,10,36.78,772.38,2019-02-24,11:38:00,E,735.6,36.78,8.0
692-27-8933,B,Mandalay,0,1,ST,57.95,6,17.385,365.085,2019-02-24,13:02:00,C,347.7,17.385,5.2
516-77-6464,C,Naypyitaw,1,1,HB,10.16,5,2.54,53.34,2019-02-24,13:08:00,E,50.8,2.54,4.1
365-16-4334,B,Mandalay,0,1,FB,26.43,8,10.572,222.012,2019-02-24,14:26:00,E,211.44,10.572,8.9
740-11-5257,C,Naypyitaw,0,0,EA,24.74,10,12.37,259.77,2019-02-24,16:44:00,C,247.4,12.37,7.1
380-60-5336,A,Yangon,0,1,EA,40.26,10,20.13,422.73,2019-02-24,18:06:00,CC,402.6,20.13,5.0
242-11-3142,B,Mandalay,1,0,FA,83.77,2,8.377,175.917,2019-02-24,19:57:00,C,167.54,8.377,4.6
300-71-4605,C,Naypyitaw,1,0,EA,86.04,5,21.51,451.71,2019-02-25,11:24:00,E,430.2,21.51,4.8
866-70-2814,B,Mandalay,0,1,EA,52.79,10,26.395,554.295,2019-02-25,11:58:00,E,527.9,26.395,10.0
574-80-1489,B,Mandalay,1,1,FB,62.85,4,12.57,263.97,2019-02-25,13:22:00,E,251.4,12.57,8.7
505-02-0892,B,Mandalay,1,0,HB,42.57,8,17.028,357.588,2019-02-25,14:12:00,E,340.56,17.028,5.6
355-53-5943,A,Yangon,1,1,EA,68.84,6,20.652,433.692,2019-02-25,14:36:00,E,413.04,20.652,5.8
735-06-4124,C,Naypyitaw,0,0,FB,48.61,1,2.4305,51.0405,2019-02-25,15:31:00,C,48.61,2.4305,4.4
719-89-8991,A,Yangon,1,1,ST,91.41,5,22.8525,479.9025,2019-02-25,16:03:00,E,457.05,22.8525,7.1
275-28-0149,A,Yangon,0,0,ST,63.69,1,3.1845,66.8745,2019-02-25,16:21:00,C,63.69,3.1845,6.0
511-54-3087,B,Mandalay,0,0,ST,88.45,1,4.4225,92.8725,2019-02-25,16:36:00,CC,88.45,4.4225,9.5
308-81-0538,A,Yangon,0,1,FA,73.05,4,14.61,306.81,2019-02-25,17:16:00,CC,292.2,14.61,4.9
834-83-1826,B,Mandalay,1,1,HL,82.04,5,20.51,430.71,2019-02-25,17:16:00,CC,410.2,20.51,7.6
636-17-0325,B,Mandalay,0,0,HB,62.57,4,12.514,262.794,2019-02-25,18:37:00,C,250.28,12.514,9.5
459-45-2396,A,Yangon,1,1,FB,99.6,3,14.94,313.74,2019-02-25,18:45:00,C,298.8,14.94,5.8
871-79-8483,B,Mandalay,0,0,FA,94.13,5,23.5325,494.1825,2019-02-25,19:39:00,CC,470.65,23.5325,4.8
608-05-3804,B,Mandalay,1,0,EA,39.75,1,1.9875,41.7375,2019-02-25,20:19:00,C,39.75,1.9875,6.1
502-05-1910,A,Yangon,0,0,HB,65.18,3,9.777,205.317,2019-02-25,20:35:00,C,195.54,9.777,6.3
466-61-5506,B,Mandalay,1,1,EA,90.7,6,27.21,571.41,2019-02-26,10:52:00,C,544.2,27.21,5.3
437-53-3084,B,Mandalay,0,0,FA,99.89,2,9.989,209.769,2019-02-26,11:48:00,E,199.78,9.989,7.1
707-32-7409,B,Mandalay,1,1,ST,95.54,4,19.108,401.268,2019-02-26,11:58:00,E,382.16,19.108,4.5
702-72-0487,A,Yangon,0,1,EA,46.61,2,4.661,97.881,2019-02-26,12:28:00,CC,93.22,4.661,6.6
518-71-6847,B,Mandalay,1,0,FB,26.6,6,7.98,167.58,2019-02-26,15:10:00,E,159.6,7.98,4.9
477-24-6490,B,Mandalay,0,1,HB,99.71,6,29.913,628.173,2019-02-26,16:52:00,E,598.26,29.913,7.9
491-38-3499,A,Yangon,1,0,FA,55.45,1,2.7725,58.2225,2019-02-26,17:46:00,CC,55.45,2.7725,4.9
154-74-7179,B,Mandalay,0,0,ST,54.45,1,2.7225,57.1725,2019-02-26,19:24:00,E,54.45,2.7225,7.9
649-11-3678,C,Naypyitaw,0,1,FB,22.93,9,10.3185,216.6885,2019-02-26,20:26:00,C,206.37,10.3185,5.5
250-81-7186,C,Naypyitaw,0,1,EA,99.69,1,4.9845,104.6745,2019-02-27,10:23:00,CC,99.69,4.9845,8.0
400-45-1220,B,Mandalay,0,1,HB,13.5,10,6.75,141.75,2019-02-27,11:06:00,CC,135.0,6.75,4.8
243-55-8457,A,Yangon,0,1,FB,74.44,10,37.22,781.62,2019-02-27,11:40:00,E,744.4,37.22,5.1
105-10-6182,A,Yangon,1,0,FA,21.48,2,2.148,45.108,2019-02-27,12:22:00,E,42.96,2.148,6.6
263-12-5321,A,Yangon,1,0,EA,92.6,7,32.41,680.61,2019-02-27,12:52:00,CC,648.2,32.41,9.3
605-72-4132,C,Naypyitaw,0,1,FB,94.47,8,37.788,793.548,2019-02-27,15:12:00,C,755.76,37.788,9.1
135-84-8019,A,Yangon,0,1,FA,77.93,9,35.0685,736.4385,2019-02-27,16:10:00,E,701.37,35.0685,7.6
370-41-7321,B,Mandalay,1,0,HB,56.69,9,25.5105,535.7205,2019-02-27,17:24:00,CC,510.21,25.5105,8.4
741-73-3559,B,Mandalay,0,0,ST,67.27,5,16.8175,353.1675,2019-02-27,17:27:00,C,336.35,16.8175,6.9
665-63-9737,B,Mandalay,0,0,FA,52.42,3,7.863,165.123,2019-02-27,17:36:00,E,157.26,7.863,7.5
318-68-5053,B,Mandalay,0,1,HB,76.99,6,23.097,485.037,2019-02-27,17:55:00,C,461.94,23.097,6.1
250-17-5703,A,Yangon,1,0,FB,18.85,10,9.425,197.925,2019-02-27,18:24:00,E,188.5,9.425,5.6
191-29-0321,B,Mandalay,1,1,FA,19.77,10,9.885,207.585,2019-02-27,18:57:00,CC,197.7,9.885,5.0
759-98-4285,C,Naypyitaw,1,1,HB,85.87,7,30.0545,631.1445,2019-02-27,19:01:00,CC,601.09,30.0545,8.0
709-58-4068,B,Mandalay,0,1,FA,41.09,10,20.545,431.445,2019-02-28,14:42:00,C,410.9,20.545,7.3
291-59-1384,B,Mandalay,0,0,EA,60.3,1,3.015,63.315,2019-02-28,17:38:00,C,60.3,3.015,6.0
142-72-4741,C,Naypyitaw,1,0,FA,93.2,2,9.32,195.72,2019-02-28,18:37:00,CC,186.4,9.32,6.0
399-46-5918,C,Naypyitaw,0,1,EA,85.98,8,34.392,722.232,2019-02-28,19:01:00,C,687.84,34.392,8.2
635-28-5728,A,Yangon,0,0,HB,56.0,3,8.4,176.4,2019-02-28,19:33:00,E,168.0,8.4,4.8
786-94-2700,A,Yangon,1,0,FB,80.62,6,24.186,507.906,2019-02-28,20:18:00,C,483.72,24.186,9.1
811-03-8790,A,Yangon,0,1,EA,45.48,10,22.74,477.54,2019-03-01,10:22:00,CC,454.8,22.74,4.8
470-31-3286,B,Mandalay,0,0,HB,14.82,3,2.223,46.683,2019-03-01,11:30:00,CC,44.46,2.223,8.7
207-73-1363,B,Mandalay,0,0,HB,69.51,2,6.951,145.971,2019-03-01,12:15:00,E,139.02,6.951,8.1
189-98-2939,C,Naypyitaw,0,0,FA,78.55,9,35.3475,742.2975,2019-03-01,13:22:00,C,706.95,35.3475,7.2
153-58-4872,C,Naypyitaw,1,1,FB,74.89,4,14.978,314.538,2019-03-01,15:32:00,E,299.56,14.978,4.2
453-63-6187,B,Mandalay,0,0,EA,27.5,3,4.125,86.625,2019-03-01,15:40:00,E,82.5,4.125,6.5
247-11-2470,A,Yangon,1,1,FA,22.32,4,4.464,93.744,2019-03-01,16:23:00,CC,89.28,4.464,4.4
220-28-1851,A,Yangon,0,0,HL,34.73,2,3.473,72.933,2019-03-01,18:14:00,E,69.46,3.473,9.7
339-96-8318,B,Mandalay,1,0,FA,81.31,7,28.4585,597.6285,2019-03-01,19:49:00,E,569.17,28.4585,6.3
238-45-6950,B,Mandalay,1,0,FB,53.72,1,2.686,56.406,2019-03-01,20:03:00,E,53.72,2.686,6.4
878-30-2331,C,Naypyitaw,1,1,ST,54.55,10,27.275,572.775,2019-03-02,11:22:00,CC,545.5,27.275,7.1
636-98-3364,B,Mandalay,1,1,EA,26.26,3,3.939,82.719,2019-03-02,12:36:00,E,78.78,3.939,6.3
640-48-5028,B,Mandalay,1,1,HL,88.39,9,39.7755,835.2855,2019-03-02,12:40:00,C,795.51,39.7755,6.3
225-98-1496,C,Naypyitaw,0,1,FA,27.02,3,4.053,85.113,2019-03-02,13:01:00,CC,81.06,4.053,7.1
576-31-4774,B,Mandalay,0,1,HB,73.41,3,11.0115,231.2415,2019-03-02,13:10:00,E,220.23,11.0115,4.0
725-54-0677,C,Naypyitaw,1,0,HB,85.6,7,29.96,629.16,2019-03-02,13:50:00,C,599.2,29.96,5.3
565-67-6697,B,Mandalay,1,0,HL,27.0,9,12.15,255.15,2019-03-02,14:16:00,C,243.0,12.15,4.8
860-73-6466,A,Yangon,1,1,ST,39.47,2,3.947,82.887,2019-03-02,16:16:00,CC,78.94,3.947,5.0
607-76-6216,C,Naypyitaw,1,1,FA,92.49,5,23.1225,485.5725,2019-03-02,16:35:00,CC,462.45,23.1225,8.6
408-26-9866,C,Naypyitaw,0,1,ST,73.98,7,25.893,543.753,2019-03-02,16:42:00,E,517.86,25.893,4.1
303-96-2227,B,Mandalay,0,1,HL,97.38,10,4.154,87.234,2019-03-02,17:16:00,E,83.08,4.154,4.4
549-59-1358,A,Yangon,1,0,ST,88.63,3,13.2945,279.1845,2019-03-02,17:36:00,E,265.89,13.2945,6.0
720-72-2436,A,Yangon,0,0,FB,66.52,4,13.304,279.384,2019-03-02,18:14:00,E,266.08,13.304,6.9
172-42-8274,B,Mandalay,0,1,EA,38.27,2,3.827,80.367,2019-03-02,18:18:00,CC,76.54,3.827,5.8
346-84-3103,B,Mandalay,1,1,EA,13.22,5,3.305,69.405,2019-03-02,19:26:00,C,66.1,3.305,4.3
825-94-5922,B,Mandalay,0,0,ST,25.31,2,2.531,53.151,2019-03-02,19:26:00,E,50.62,2.531,7.2
817-69-8206,B,Mandalay,0,1,EA,99.73,9,44.8785,942.4485,2019-03-02,19:42:00,CC,897.57,44.8785,6.5
883-17-4236,C,Naypyitaw,0,1,ST,14.39,2,1.439,30.219,2019-03-02,19:44:00,CC,28.78,1.439,7.2
302-15-2162,C,Naypyitaw,1,0,HB,46.53,6,13.959,293.139,2019-03-03,10:54:00,CC,279.18,13.959,4.3
234-03-4040,B,Mandalay,1,1,FB,73.05,10,36.525,767.025,2019-03-03,12:25:00,CC,730.5,36.525,8.7
777-82-7220,B,Mandalay,1,0,HL,30.12,8,12.048,253.008,2019-03-03,13:01:00,C,240.96,12.048,7.7
631-41-3108,A,Yangon,0,0,HL,46.33,7,16.2155,340.5255,2019-03-03,13:23:00,CC,324.31,16.2155,7.4
211-05-0490,C,Naypyitaw,1,1,EA,51.92,5,12.98,272.58,2019-03-03,13:42:00,C,259.6,12.98,7.5
861-77-0145,C,Naypyitaw,1,0,EA,81.97,10,40.985,860.685,2019-03-03,14:30:00,C,819.7,40.985,9.2
568-88-3448,A,Yangon,0,0,HB,25.0,1,1.25,26.25,2019-03-03,15:09:00,E,25.0,1.25,5.5
175-54-2529,A,Yangon,1,0,FB,22.17,8,8.868,186.228,2019-03-03,17:01:00,CC,177.36,8.868,9.6
468-99-7231,C,Naypyitaw,0,1,HL,44.01,8,17.604,369.684,2019-03-03,17:36:00,C,352.08,17.604,8.8
305-14-0245,B,Mandalay,1,1,HL,94.49,8,37.796,793.716,2019-03-03,19:00:00,E,755.92,37.796,7.5
733-33-4967,C,Naypyitaw,0,0,EA,20.85,8,8.34,175.14,2019-03-03,19:17:00,C,166.8,8.34,6.3
324-41-6833,C,Naypyitaw,1,1,EA,30.2,8,12.08,253.68,2019-03-03,19:30:00,E,241.6,12.08,5.1
651-96-5970,A,Yangon,0,0,FA,46.41,1,2.3205,48.7305,2019-03-03,20:06:00,CC,46.41,2.3205,4.0
610-46-4100,A,Yangon,0,0,HB,28.95,7,10.1325,212.7825,2019-03-03,20:31:00,CC,202.65,10.1325,6.0
276-75-6884,A,Yangon,0,1,HB,68.71,3,10.3065,216.4365,2019-03-04,10:05:00,C,206.13,10.3065,8.7
221-25-5073,A,Yangon,0,1,FB,74.66,4,14.932,313.572,2019-03-04,10:39:00,C,298.64,14.932,8.5
586-25-0848,A,Yangon,0,1,ST,12.34,7,4.319,90.699,2019-03-04,11:19:00,CC,86.38,4.319,6.7
759-29-9521,A,Yangon,1,1,FA,48.96,9,22.032,462.672,2019-03-04,11:27:00,C,440.64,22.032,8.0
227-50-3718,A,Yangon,0,0,HB,14.62,5,3.655,76.755,2019-03-04,12:23:00,C,73.1,3.655,4.4
689-05-1884,A,Yangon,1,0,HB,48.63,10,24.315,510.615,2019-03-04,12:44:00,C,486.3,24.315,8.8
667-92-0055,A,Yangon,1,0,HB,99.83,6,29.949,628.929,2019-03-04,15:02:00,E,598.98,29.949,8.5
558-60-5016,A,Yangon,0,1,HL,33.3,9,14.985,314.685,2019-03-04,15:27:00,E,299.7,14.985,7.2
320-49-6392,C,Naypyitaw,0,1,EA,30.24,1,1.512,31.752,2019-03-04,15:44:00,C,30.24,1.512,8.4
346-12-3257,B,Mandalay,1,0,EA,19.24,9,8.658,181.818,2019-03-04,16:28:00,C,173.16,8.658,8.0
256-08-8343,A,Yangon,0,1,HL,56.53,4,11.306,237.426,2019-03-04,19:48:00,C,226.12,11.306,5.5
228-96-1411,C,Naypyitaw,1,0,FB,98.7,8,39.48,829.08,2019-03-04,20:39:00,C,789.6,39.48,7.6
371-85-5789,B,Mandalay,0,0,HB,87.98,3,13.197,277.137,2019-03-05,10:40:00,E,263.94,13.197,5.1
291-32-1427,B,Mandalay,1,0,FA,21.94,5,5.485,115.185,2019-03-05,12:29:00,E,109.7,5.485,5.3
793-10-3222,B,Mandalay,1,1,HB,41.06,6,12.318,258.678,2019-03-05,13:30:00,CC,246.36,12.318,8.3
148-82-2527,C,Naypyitaw,1,1,HL,12.12,10,6.06,127.26,2019-03-05,13:44:00,CC,121.2,6.06,8.4
730-50-9884,C,Naypyitaw,0,1,ST,83.06,7,29.071,610.491,2019-03-05,14:31:00,E,581.42,29.071,4.0
829-49-1914,C,Naypyitaw,1,1,FB,78.31,10,39.155,822.255,2019-03-05,16:24:00,E,783.1,39.155,6.6
655-07-2265,A,Yangon,0,0,EA,78.31,3,11.7465,246.6765,2019-03-05,16:38:00,E,234.93,11.7465,5.4
755-12-3214,C,Naypyitaw,1,1,FA,44.22,5,11.055,232.155,2019-03-05,17:07:00,CC,221.1,11.055,8.6
848-42-2560,A,Yangon,0,1,FA,81.91,2,8.191,172.011,2019-03-05,17:43:00,C,163.82,8.191,7.8
174-64-0215,B,Mandalay,0,0,ST,69.74,10,34.87,732.27,2019-03-05,17:49:00,CC,697.4,34.87,8.9
102-77-2261,C,Naypyitaw,1,0,HB,65.31,7,22.8585,480.0285,2019-03-05,18:02:00,CC,457.17,22.8585,4.2
733-01-9107,B,Mandalay,0,0,HL,82.7,6,24.81,521.01,2019-03-05,18:14:00,C,496.2,24.81,7.4
510-95-6347,B,Mandalay,1,1,FB,48.52,3,7.278,152.838,2019-03-05,18:17:00,E,145.56,7.278,4.0
433-75-6987,B,Mandalay,1,1,HB,55.97,7,19.5895,411.3795,2019-03-05,19:06:00,E,391.79,19.5895,8.9
593-14-4239,B,Mandalay,0,1,HL,95.46,8,38.184,801.864,2019-03-05,19:40:00,E,763.68,38.184,4.7
895-66-0685,B,Mandalay,1,0,FB,18.08,3,2.712,56.952,2019-03-05,19:46:00,E,54.24,2.712,8.0
608-04-3797,B,Mandalay,1,1,HB,25.32,8,10.128,212.688,2019-03-05,20:24:00,E,202.56,10.128,8.7
885-17-6250,A,Yangon,0,1,HB,79.74,1,3.987,83.727,2019-03-06,10:36:00,E,79.74,3.987,7.3
883-69-1285,B,Mandalay,1,0,FA,49.92,2,4.992,104.832,2019-03-06,11:55:00,CC,99.84,4.992,7.0
199-75-8169,A,Yangon,1,0,ST,15.81,10,7.905,166.005,2019-03-06,12:27:00,CC,158.1,7.905,8.6
254-31-0042,A,Yangon,1,0,EA,21.5,9,9.675,203.175,2019-03-06,12:46:00,CC,193.5,9.675,7.8
523-38-0215,C,Naypyitaw,0,0,HL,37.0,1,1.85,38.85,2019-03-06,13:29:00,CC,37.0,1.85,7.9
468-01-2051,B,Mandalay,1,0,FB,62.08,7,21.728,456.288,2019-03-06,13:46:00,E,434.56,21.728,5.4
262-47-2794,B,Mandalay,1,0,HL,71.86,8,28.744,603.624,2019-03-06,15:07:00,CC,574.88,28.744,6.2
149-15-7606,B,Mandalay,1,0,ST,37.32,9,16.794,352.674,2019-03-06,15:31:00,E,335.88,16.794,5.1
783-09-1637,B,Mandalay,0,1,ST,67.43,5,16.8575,354.0075,2019-03-06,18:13:00,E,337.15,16.8575,6.3
802-70-5316,A,Yangon,1,1,ST,92.13,6,27.639,580.419,2019-03-06,20:34:00,C,552.78,27.639,8.3
715-20-1673,B,Mandalay,0,0,EA,28.38,5,7.095,148.995,2019-03-06,20:57:00,C,141.9,7.095,9.4
399-69-4630,C,Naypyitaw,0,0,EA,22.21,6,6.663,139.923,2019-03-07,10:23:00,CC,133.26,6.663,8.6
643-38-7867,A,Yangon,0,0,HL,97.94,1,4.897,102.837,2019-03-07,11:44:00,E,97.94,4.897,6.9
242-55-6721,B,Mandalay,0,0,HL,16.16,2,1.616,33.936,2019-03-07,11:49:00,E,32.32,1.616,6.5
423-64-4619,A,Yangon,1,1,HB,15.55,9,6.9975,146.9475,2019-03-07,13:12:00,C,139.95,6.9975,5.0
307-85-2293,B,Mandalay,0,0,HL,50.28,5,12.57,263.97,2019-03-07,13:58:00,E,251.4,12.57,9.7
821-07-3596,C,Naypyitaw,0,1,FA,16.45,4,3.29,69.09,2019-03-07,14:53:00,E,65.8,3.29,5.6
598-47-9715,C,Naypyitaw,0,0,EA,84.07,4,16.814,353.094,2019-03-07,16:54:00,E,336.28,16.814,4.4
748-45-2862,A,Yangon,1,1,HL,28.31,4,5.662,118.902,2019-03-07,18:35:00,C,113.24,5.662,8.2
471-41-2823,C,Naypyitaw,0,0,FB,99.79,2,9.979,209.559,2019-03-07,20:37:00,E,199.58,9.979,8.0
226-31-3081,C,Naypyitaw,0,1,EA,15.28,5,3.82,80.22,2019-03-08,10:29:00,C,76.4,3.82,9.6
325-77-6186,A,Yangon,1,1,HL,90.65,10,45.325,951.825,2019-03-08,10:53:00,E,906.5,45.325,7.3
563-91-7120,A,Yangon,0,1,FA,61.77,5,15.4425,324.2925,2019-03-08,13:21:00,C,308.85,15.4425,6.7
364-33-8584,B,Mandalay,1,1,FB,17.63,5,4.4075,92.5575,2019-03-08,15:27:00,C,88.15,4.4075,8.5
345-08-4992,A,Yangon,0,0,HL,33.99,6,10.197,214.137,2019-03-08,15:37:00,CC,203.94,10.197,7.7
483-71-1164,C,Naypyitaw,0,1,HB,81.3,6,24.39,512.19,2019-03-08,16:43:00,E,487.8,24.39,5.3
574-57-9721,C,Naypyitaw,0,0,FB,43.27,2,4.327,90.867,2019-03-08,16:53:00,E,86.54,4.327,5.7
458-41-1477,C,Naypyitaw,0,1,HB,46.26,6,13.878,291.438,2019-03-08,17:11:00,CC,277.56,13.878,9.5
632-90-0281,C,Naypyitaw,0,1,FA,37.55,10,18.775,394.275,2019-03-08,20:01:00,CC,375.5,18.775,9.3
549-96-4200,C,Naypyitaw,1,0,FB,17.04,4,3.408,71.568,2019-03-08,20:15:00,E,68.16,3.408,7.0
594-34-4444,A,Yangon,0,0,EA,97.16,1,4.858,102.018,2019-03-08,20:38:00,E,97.16,4.858,7.2
360-39-5055,C,Naypyitaw,1,0,ST,48.91,5,12.2275,256.7775,2019-03-09,10:17:00,C,244.55,12.2275,6.6
299-29-0180,B,Mandalay,1,1,HL,52.18,7,18.263,383.523,2019-03-09,10:54:00,C,365.26,18.263,9.3
277-35-5865,C,Naypyitaw,1,1,FB,98.97,9,44.5365,935.2665,2019-03-09,11:23:00,C,890.73,44.5365,6.7
816-57-2053,A,Yangon,0,0,ST,60.87,2,6.087,127.827,2019-03-09,12:37:00,E,121.74,6.087,8.7
308-47-4913,A,Yangon,1,1,ST,52.26,10,26.13,548.73,2019-03-09,12:45:00,CC,522.6,26.13,6.2
652-43-6591,A,Yangon,0,1,FA,97.29,8,38.916,817.236,2019-03-09,13:18:00,CC,778.32,38.916,6.2
127-47-6963,A,Yangon,0,0,HB,51.71,4,10.342,217.182,2019-03-09,13:53:00,CC,206.84,10.342,9.8
616-87-0016,B,Mandalay,0,0,FA,95.54,7,33.439,702.219,2019-03-09,14:36:00,CC,668.78,33.439,9.6
268-27-6179,B,Mandalay,1,1,FA,56.47,8,22.588,474.348,2019-03-09,14:57:00,E,451.76,22.588,7.3
489-64-4354,C,Naypyitaw,0,0,FA,16.28,1,0.814,17.094,2019-03-09,15:36:00,C,16.28,0.814,5.0
529-56-3974,B,Mandalay,1,0,EA,25.51,4,5.102,107.142,2019-03-09,17:03:00,C,102.04,5.102,6.8
219-22-9386,B,Mandalay,1,0,ST,99.96,9,44.982,944.622,2019-03-09,17:26:00,CC,899.64,44.982,4.2
132-32-9879,B,Mandalay,1,1,EA,93.96,4,18.792,394.632,2019-03-09,18:00:00,C,375.84,18.792,9.5
841-35-6630,C,Naypyitaw,0,1,EA,75.91,6,22.773,478.233,2019-03-09,18:21:00,C,455.46,22.773,8.7
157-13-5295,A,Yangon,1,0,HB,51.94,10,25.97,545.37,2019-03-09,18:24:00,E,519.4,25.97,6.5
815-11-1168,A,Yangon,1,0,FB,99.78,5,24.945,523.845,2019-03-09,19:09:00,C,498.9,24.945,5.4
189-17-4241,A,Yangon,0,1,FA,87.67,2,8.767,184.107,2019-03-10,12:17:00,CC,175.34,8.767,7.7
607-65-2441,C,Naypyitaw,1,0,HB,81.95,10,40.975,860.475,2019-03-10,12:39:00,CC,819.5,40.975,6.0
596-42-3999,B,Mandalay,0,0,FB,18.22,7,6.377,133.917,2019-03-10,14:04:00,CC,127.54,6.377,6.6
246-55-6923,C,Naypyitaw,1,1,HL,35.79,9,16.1055,338.2155,2019-03-10,15:06:00,CC,322.11,16.1055,5.1
453-12-7053,C,Naypyitaw,0,0,FA,45.74,3,6.861,144.081,2019-03-10,17:38:00,CC,137.22,6.861,6.5
156-20-0370,B,Mandalay,0,1,EA,25.45,1,1.2725,26.7225,2019-03-10,18:10:00,CC,25.45,1.2725,5.1
668-90-8900,A,Yangon,0,1,HL,93.69,7,32.7915,688.6215,2019-03-10,18:44:00,CC,655.83,32.7915,4.5
696-90-2548,A,Yangon,0,0,ST,25.84,3,3.876,81.396,2019-03-10,18:55:00,E,77.52,3.876,6.6
790-29-1172,B,Mandalay,0,1,FB,57.34,3,8.601,180.621,2019-03-10,18:59:00,CC,172.02,8.601,7.9
129-29-8530,A,Yangon,1,0,ST,62.62,5,15.655,328.755,2019-03-10,19:15:00,E,313.1,15.655,7.0
239-48-4278,A,Yangon,1,0,FB,10.13,7,3.5455,74.4555,2019-03-10,19:35:00,E,70.91,3.5455,8.3
745-74-0715,A,Yangon,0,0,EA,58.03,2,5.803,121.863,2019-03-10,20:46:00,E,116.06,5.803,8.8
656-95-9349,A,Yangon,1,1,HB,68.93,7,24.1255,506.6355,2019-03-11,11:03:00,CC,482.51,24.1255,4.6
448-81-5016,A,Yangon,0,0,HB,59.77,2,5.977,125.517,2019-03-11,12:01:00,CC,119.54,5.977,5.8
749-81-8133,A,Yangon,0,1,FA,94.67,4,18.934,397.614,2019-03-11,12:04:00,C,378.68,18.934,6.8
721-86-6247,A,Yangon,0,1,HL,63.42,8,25.368,532.728,2019-03-11,12:55:00,E,507.36,25.368,7.4
892-05-6689,A,Yangon,0,1,HL,28.32,5,7.08,148.68,2019-03-11,13:28:00,E,141.6,7.08,6.2
689-16-9784,C,Naypyitaw,0,0,FB,46.77,6,14.031,294.651,2019-03-11,13:37:00,C,280.62,14.031,6.0
319-50-3348,B,Mandalay,0,1,HL,40.3,2,4.03,84.63,2019-03-11,15:30:00,E,80.6,4.03,4.4
891-58-8335,B,Mandalay,1,1,ST,29.61,7,10.3635,217.6335,2019-03-11,15:53:00,C,207.27,10.3635,6.5
584-86-7256,C,Naypyitaw,1,0,ST,34.56,7,12.096,254.016,2019-03-11,16:07:00,CC,241.92,12.096,7.3
704-20-4138,C,Naypyitaw,1,1,HB,29.67,7,10.3845,218.0745,2019-03-11,18:58:00,CC,207.69,10.3845,8.1
214-30-2776,B,Mandalay,1,1,EA,34.49,5,8.6225,181.0725,2019-03-11,19:44:00,CC,172.45,8.6225,9.0
427-45-9297,B,Mandalay,1,1,HL,40.73,7,14.2555,299.3655,2019-03-12,11:01:00,E,285.11,14.2555,5.4
152-08-9985,B,Mandalay,1,0,HB,64.36,9,28.962,608.202,2019-03-12,12:09:00,CC,579.24,28.962,8.6
253-12-6086,A,Yangon,1,1,ST,98.4,7,34.44,723.24,2019-03-12,12:43:00,CC,688.8,34.44,8.7
545-46-3100,B,Mandalay,1,1,EA,10.59,3,1.5885,33.3585,2019-03-12,13:52:00,CC,31.77,1.5885,8.7
565-17-3836,A,Yangon,1,1,HB,47.67,4,9.534,200.214,2019-03-12,14:21:00,C,190.68,9.534,9.1
719-76-3868,C,Naypyitaw,1,0,FB,94.26,4,18.852,395.892,2019-03-12,16:30:00,C,377.04,18.852,8.6
573-10-3877,B,Mandalay,1,0,HB,39.01,1,1.9505,40.9605,2019-03-12,16:46:00,CC,39.01,1.9505,4.7
266-20-6657,C,Naypyitaw,1,0,FB,55.04,7,19.264,404.544,2019-03-12,19:39:00,E,385.28,19.264,5.2
276-54-0879,B,Mandalay,0,0,ST,97.74,4,19.548,410.508,2019-03-12,19:53:00,E,390.96,19.548,6.4
699-01-4164,C,Naypyitaw,0,0,HB,41.5,4,8.3,174.3,2019-03-12,19:58:00,CC,166.0,8.3,8.2
651-61-0874,C,Naypyitaw,0,0,HL,46.22,4,9.244,194.124,2019-03-12,20:04:00,CC,184.88,9.244,6.2
120-06-4233,C,Naypyitaw,0,0,EA,30.61,6,9.183,192.843,2019-03-12,20:36:00,C,183.66,9.183,9.3
585-03-5943,B,Mandalay,0,0,HB,18.11,10,9.055,190.155,2019-03-13,11:46:00,E,181.1,9.055,5.9
137-74-8729,C,Naypyitaw,0,1,FA,12.19,8,4.876,102.396,2019-03-13,12:47:00,E,97.52,4.876,6.8
173-57-2300,C,Naypyitaw,1,0,ST,72.88,2,7.288,153.048,2019-03-13,12:51:00,C,145.76,7.288,6.1
316-01-3952,A,Yangon,0,1,FB,54.27,5,13.5675,284.9175,2019-03-13,14:16:00,E,271.35,13.5675,4.6
584-66-4073,C,Naypyitaw,0,0,FA,56.5,1,2.825,59.325,2019-03-13,15:45:00,E,56.5,2.825,9.6
877-22-3308,A,Yangon,1,0,HB,15.87,10,7.935,166.635,2019-03-13,16:40:00,C,158.7,7.935,5.8
655-85-5130,B,Mandalay,1,1,FA,38.3,4,7.66,160.86,2019-03-13,19:22:00,C,153.2,7.66,5.7
101-17-6199,A,Yangon,0,0,FB,45.79,7,16.0265,336.5565,2019-03-13,19:44:00,CC,320.53,16.0265,7.0
686-41-0932,B,Mandalay,0,1,FA,34.7,2,3.47,72.87,2019-03-13,19:48:00,E,69.4,3.47,8.2
336-78-2147,C,Naypyitaw,1,0,HL,63.91,8,25.564,536.844,2019-03-13,19:52:00,CC,511.28,25.564,4.6
379-17-6588,C,Naypyitaw,0,0,FA,59.61,10,29.805,625.905,2019-03-14,11:07:00,C,596.1,29.805,5.3
210-30-7976,B,Mandalay,1,1,FA,22.32,4,4.464,93.744,2019-03-14,11:16:00,E,89.28,4.464,4.1
442-48-3607,A,Yangon,1,0,FB,23.48,2,2.348,49.308,2019-03-14,11:21:00,CC,46.96,2.348,7.9
189-52-0236,A,Yangon,0,0,EA,99.55,7,34.8425,731.6925,2019-03-14,12:07:00,C,696.85,34.8425,7.6
174-75-0888,B,Mandalay,0,0,EA,21.58,9,9.711,203.931,2019-03-14,12:32:00,C,194.22,9.711,7.3
457-12-0244,C,Naypyitaw,1,1,ST,35.22,6,10.566,221.886,2019-03-14,13:49:00,E,211.32,10.566,6.5
169-52-4504,A,Yangon,0,1,EA,15.69,3,2.3535,49.4235,2019-03-14,14:13:00,CC,47.07,2.3535,5.8
139-32-4183,A,Yangon,1,1,ST,97.48,9,43.866,921.186,2019-03-14,14:19:00,E,877.32,43.866,7.4
628-90-8624,B,Mandalay,1,0,HB,82.58,10,41.29,867.09,2019-03-14,14:41:00,C,825.8,41.29,5.0
722-13-2115,C,Naypyitaw,1,0,ST,42.85,1,2.1425,44.9925,2019-03-14,15:36:00,CC,42.85,2.1425,9.3
499-27-7781,B,Mandalay,0,1,FB,53.21,8,21.284,446.964,2019-03-14,16:45:00,E,425.68,21.284,5.0
558-80-4082,C,Naypyitaw,0,0,EA,27.85,7,9.7475,204.6975,2019-03-14,17:20:00,E,194.95,9.7475,6.0
808-65-0703,C,Naypyitaw,0,0,HL,35.47,4,7.094,148.974,2019-03-14,17:22:00,CC,141.88,7.094,6.9
730-70-9830,C,Naypyitaw,0,1,HL,70.11,6,21.033,441.693,2019-03-14,17:54:00,E,420.66,21.033,5.2
840-19-2096,C,Naypyitaw,1,0,EA,87.91,5,21.9775,461.5275,2019-03-14,18:10:00,E,439.55,21.9775,4.4
115-99-4379,B,Mandalay,1,1,FA,54.73,7,19.1555,402.2655,2019-03-14,19:02:00,CC,383.11,19.1555,8.5
122-61-9553,C,Naypyitaw,0,1,EA,51.32,9,23.094,484.974,2019-03-14,19:33:00,C,461.88,23.094,5.6
373-09-4567,C,Naypyitaw,0,0,FB,77.56,10,38.78,814.38,2019-03-14,20:35:00,E,775.6,38.78,6.9
595-11-5460,A,Yangon,0,0,HB,96.58,2,9.658,202.818,2019-03-15,10:12:00,CC,193.16,9.658,5.1
760-54-1821,B,Mandalay,0,0,HL,13.59,9,6.1155,128.4255,2019-03-15,10:26:00,C,122.31,6.1155,5.8
359-94-5395,B,Mandalay,0,0,HB,92.78,1,4.639,97.419,2019-03-15,10:50:00,CC,92.78,4.639,9.8
542-41-0513,B,Mandalay,1,1,EA,57.49,4,11.498,241.458,2019-03-15,11:57:00,C,229.96,11.498,6.6
273-16-6619,B,Mandalay,0,0,HL,33.2,2,3.32,69.72,2019-03-15,12:20:00,CC,66.4,3.32,4.4
585-11-6748,B,Mandalay,1,0,ST,96.8,3,14.52,304.92,2019-03-15,13:05:00,C,290.4,14.52,5.3
154-87-7367,C,Naypyitaw,0,0,HL,65.26,8,26.104,548.184,2019-03-15,14:04:00,E,522.08,26.104,6.3
565-91-4567,B,Mandalay,0,0,HB,10.75,8,4.3,90.3,2019-03-15,14:38:00,E,86.0,4.3,6.2
361-59-0574,B,Mandalay,1,0,ST,90.53,8,36.212,760.452,2019-03-15,14:48:00,CC,724.24,36.212,6.5
848-62-7243,A,Yangon,0,0,HB,24.89,9,11.2005,235.2105,2019-03-15,15:36:00,C,224.01,11.2005,7.4
605-83-1050,B,Mandalay,0,0,FA,27.18,2,2.718,57.078,2019-03-15,16:26:00,E,54.36,2.718,4.3
510-09-5628,A,Yangon,1,1,FA,19.66,10,9.83,206.43,2019-03-15,18:20:00,CC,196.6,9.83,7.2
701-69-8742,B,Mandalay,0,0,ST,34.37,10,17.185,360.885,2019-03-16,10:11:00,E,343.7,17.185,6.7
290-68-2984,A,Yangon,0,0,HL,23.75,4,4.75,99.75,2019-03-16,11:22:00,C,95.0,4.75,5.2
727-17-0390,A,Yangon,0,1,FB,63.61,5,15.9025,333.9525,2019-03-16,12:43:00,E,318.05,15.9025,4.8
210-74-9613,C,Naypyitaw,0,0,FA,97.26,4,19.452,408.492,2019-03-16,15:33:00,E,389.04,19.452,6.8
578-80-7669,B,Mandalay,0,0,ST,74.97,1,3.7485,78.7185,2019-03-16,16:58:00,C,74.97,3.7485,5.6
711-31-1234,B,Mandalay,0,1,EA,95.64,4,19.128,401.688,2019-03-16,18:51:00,C,382.56,19.128,7.9
286-43-6208,C,Naypyitaw,0,1,FB,87.8,9,39.51,829.71,2019-03-16,19:08:00,C,790.2,39.51,9.2
575-30-8091,A,Yangon,0,0,ST,72.5,8,29.0,609.0,2019-03-16,19:25:00,E,580.0,29.0,9.2
617-15-4209,C,Naypyitaw,1,0,HB,15.37,2,1.537,32.277,2019-03-16,19:47:00,C,30.74,1.537,7.2
152-03-4217,B,Mandalay,0,1,HL,11.28,9,5.076,106.596,2019-03-17,11:55:00,CC,101.52,5.076,4.3
642-30-6693,B,Mandalay,0,1,ST,54.51,6,16.353,343.413,2019-03-17,13:54:00,E,327.06,16.353,7.8
220-68-6701,A,Yangon,0,1,HL,77.47,4,15.494,325.374,2019-03-17,16:36:00,C,309.88,15.494,4.2
320-32-8842,C,Naypyitaw,1,1,FB,22.62,1,1.131,23.751,2019-03-17,18:58:00,C,22.62,1.131,6.4
662-47-5456,C,Naypyitaw,1,0,FA,35.19,10,17.595,369.495,2019-03-17,19:06:00,CC,351.9,17.595,8.4
880-46-5796,A,Yangon,1,0,ST,76.92,10,38.46,807.66,2019-03-17,19:53:00,E,769.2,38.46,5.6
420-04-7590,B,Mandalay,0,0,HL,99.7,3,14.955,314.055,2019-03-18,11:29:00,E,299.1,14.955,4.7
776-68-1096,B,Mandalay,0,0,HL,44.12,3,6.618,138.978,2019-03-18,13:45:00,CC,132.36,6.618,7.9
256-58-3609,C,Naypyitaw,1,0,FA,91.98,1,4.599,96.579,2019-03-18,15:29:00,C,91.98,4.599,9.8
413-20-6708,C,Naypyitaw,1,1,FA,51.47,1,2.5735,54.0435,2019-03-18,15:52:00,E,51.47,2.5735,8.5
485-30-8700,A,Yangon,0,1,ST,33.26,5,8.315,174.615,2019-03-18,16:10:00,CC,166.3,8.315,4.2
439-54-7422,A,Yangon,0,1,EA,51.19,4,10.238,214.998,2019-03-18,17:15:00,CC,204.76,10.238,4.7
263-87-5680,C,Naypyitaw,1,1,HL,28.53,10,14.265,299.565,2019-03-18,17:38:00,E,285.3,14.265,7.8
831-07-6050,A,Yangon,0,0,EA,32.71,5,8.1775,171.7275,2019-03-19,11:30:00,CC,163.55,8.1775,9.9
737-88-5876,A,Yangon,1,0,HL,23.29,4,4.658,97.818,2019-03-19,11:52:00,CC,93.16,4.658,5.9
318-81-2368,C,Naypyitaw,0,1,EA,46.2,1,2.31,48.51,2019-03-19,12:16:00,C,46.2,2.31,6.3
568-90-5112,C,Naypyitaw,0,0,HB,66.14,4,13.228,277.788,2019-03-19,12:46:00,CC,264.56,13.228,5.6
850-41-9669,A,Yangon,0,1,EA,75.06,9,33.777,709.317,2019-03-19,13:25:00,E,675.54,33.777,6.2
548-48-3156,A,Yangon,1,1,FB,83.34,2,8.334,175.014,2019-03-19,13:37:00,C,166.68,8.334,7.6
701-23-5550,B,Mandalay,1,0,HL,38.81,4,7.762,163.002,2019-03-19,13:40:00,E,155.24,7.762,4.9
462-78-5240,C,Naypyitaw,0,1,EA,26.61,2,2.661,55.881,2019-03-19,14:35:00,C,53.22,2.661,4.2
593-08-5916,A,Yangon,0,1,FA,15.5,1,0.775,16.275,2019-03-19,15:23:00,CC,15.5,0.775,7.4
155-45-3814,C,Naypyitaw,1,1,EA,88.55,8,35.42,743.82,2019-03-19,15:29:00,E,708.4,35.42,4.7
898-04-2717,A,Yangon,0,0,FA,76.4,9,34.38,721.98,2019-03-19,15:49:00,E,687.6,34.38,7.5
728-88-7867,C,Naypyitaw,1,1,HL,75.53,4,15.106,317.226,2019-03-19,15:52:00,E,302.12,15.106,8.3
574-22-5561,C,Naypyitaw,1,1,FA,82.63,10,41.315,867.615,2019-03-19,17:08:00,E,826.3,41.315,7.9
716-39-1409,B,Mandalay,0,0,HB,30.35,7,10.6225,223.0725,2019-03-19,18:19:00,C,212.45,10.6225,8.0
751-69-0068,C,Naypyitaw,0,0,ST,99.24,9,44.658,937.818,2019-03-19,19:09:00,E,893.16,44.658,9.0
301-81-8610,B,Mandalay,1,0,FA,25.42,8,10.168,213.528,2019-03-19,19:42:00,CC,203.36,10.168,6.7
451-28-5717,C,Naypyitaw,1,1,HL,83.17,6,24.951,523.971,2019-03-20,11:23:00,C,499.02,24.951,7.3
805-86-0265,A,Yangon,0,0,HL,93.96,9,42.282,887.922,2019-03-20,11:32:00,C,845.64,42.282,9.8
509-29-3912,A,Yangon,1,1,ST,38.72,9,17.424,365.904,2019-03-20,12:24:00,E,348.48,17.424,4.2
514-37-2845,B,Mandalay,0,0,FA,99.25,2,9.925,208.425,2019-03-20,13:02:00,C,198.5,9.925,9.0
650-98-6268,B,Mandalay,1,1,FB,20.87,3,3.1305,65.7405,2019-03-20,13:53:00,CC,62.61,3.1305,8.0
632-32-4574,B,Mandalay,0,0,ST,75.92,8,30.368,637.728,2019-03-20,14:14:00,C,607.36,30.368,5.5
760-90-2357,A,Yangon,1,0,EA,74.51,6,22.353,469.413,2019-03-20,15:08:00,E,447.06,22.353,5.0
213-72-6612,A,Yangon,0,0,FB,43.25,2,4.325,90.825,2019-03-20,15:56:00,C,86.5,4.325,6.2
537-72-0426,C,Naypyitaw,1,0,FA,70.99,10,35.495,745.395,2019-03-20,16:28:00,C,709.9,35.495,5.7
102-06-2002,C,Naypyitaw,1,0,ST,25.25,5,6.3125,132.5625,2019-03-20,17:52:00,C,126.25,6.3125,6.1
142-63-6033,B,Mandalay,0,0,HL,92.36,5,23.09,484.89,2019-03-20,19:17:00,E,461.8,23.09,4.9
182-88-2763,B,Mandalay,1,0,FB,79.91,3,11.9865,251.7165,2019-03-20,19:28:00,CC,239.73,11.9865,5.0
436-54-4512,A,Yangon,1,1,FB,91.61,1,4.5805,96.1905,2019-03-20,19:44:00,C,91.61,4.5805,9.8
574-31-8277,B,Mandalay,1,0,FA,33.63,1,1.6815,35.3115,2019-03-20,19:55:00,C,33.63,1.6815,5.6
828-61-5674,A,Yangon,1,0,ST,44.02,10,22.01,462.21,2019-03-20,19:57:00,CC,440.2,22.01,9.6
527-09-6272,A,Yangon,1,1,EA,28.45,5,7.1125,149.3625,2019-03-21,10:17:00,CC,142.25,7.1125,9.1
512-98-1403,A,Yangon,1,1,EA,26.48,3,3.972,83.412,2019-03-21,10:40:00,E,79.44,3.972,4.7
438-01-4015,B,Mandalay,1,1,ST,49.49,4,9.898,207.858,2019-03-21,15:25:00,E,197.96,9.898,6.6
448-61-3783,A,Yangon,0,1,EA,90.02,8,36.008,756.168,2019-03-21,16:08:00,CC,720.16,36.008,4.5
827-26-2100,A,Yangon,1,0,HL,33.84,9,15.228,319.788,2019-03-21,16:21:00,E,304.56,15.228,8.8
500-02-2261,C,Naypyitaw,0,1,FB,57.29,6,17.187,360.927,2019-03-21,17:04:00,E,343.74,17.187,5.9
674-56-6360,A,Yangon,0,0,EA,95.15,1,4.7575,99.9075,2019-03-22,14:00:00,C,95.15,4.7575,6.0
550-84-8664,A,Yangon,0,0,ST,85.91,5,21.4775,451.0275,2019-03-22,14:33:00,CC,429.55,21.4775,8.6
616-24-2851,B,Mandalay,1,1,FA,17.87,4,3.574,75.054,2019-03-22,14:42:00,E,71.48,3.574,6.5
802-43-8934,A,Yangon,0,0,HL,18.28,1,0.914,19.194,2019-03-22,15:05:00,CC,18.28,0.914,8.3
554-53-3790,B,Mandalay,0,0,ST,37.02,6,11.106,233.226,2019-03-22,18:33:00,C,222.12,11.106,4.5
886-18-2897,A,Yangon,0,1,FB,56.56,5,14.14,296.94,2019-03-22,19:06:00,CC,282.8,14.14,4.5
227-03-5010,A,Yangon,1,1,HL,52.59,8,21.036,441.756,2019-03-22,19:20:00,CC,420.72,21.036,8.5
394-30-3170,B,Mandalay,1,1,ST,88.43,8,35.372,742.812,2019-03-22,19:35:00,CC,707.44,35.372,4.3
472-15-9636,A,Yangon,0,0,HL,50.93,8,20.372,427.812,2019-03-22,19:36:00,E,407.44,20.372,9.2
630-74-5166,A,Yangon,0,0,ST,62.13,6,18.639,391.419,2019-03-22,20:19:00,C,372.78,18.639,7.4
856-22-8149,A,Yangon,0,1,HL,25.29,1,1.2645,26.5545,2019-03-23,10:13:00,E,25.29,1.2645,6.1
865-92-6136,A,Yangon,0,0,FB,52.75,3,7.9125,166.1625,2019-03-23,10:16:00,E,158.25,7.9125,9.3
851-28-6367,A,Yangon,1,0,ST,15.5,10,7.75,162.75,2019-03-23,10:55:00,E,155.0,7.75,8.0
733-29-1227,C,Naypyitaw,0,0,HL,55.61,7,19.4635,408.7335,2019-03-23,12:41:00,C,389.27,19.4635,8.5
884-80-6021,A,Yangon,1,1,EA,73.47,10,36.735,771.435,2019-03-23,13:14:00,E,734.7,36.735,9.5
474-33-8305,C,Naypyitaw,1,0,FA,67.39,7,23.5865,495.3165,2019-03-23,13:23:00,E,471.73,23.5865,6.9
333-73-7901,C,Naypyitaw,0,1,HB,54.92,8,21.968,461.328,2019-03-23,13:24:00,E,439.36,21.968,7.6
386-27-7606,C,Naypyitaw,1,1,HL,81.2,7,28.42,596.82,2019-03-23,15:59:00,CC,568.4,28.42,8.1
795-49-7276,A,Yangon,0,0,FA,37.15,4,7.43,156.03,2019-03-23,18:59:00,E,148.6,7.43,8.3
407-63-8975,A,Yangon,0,0,FB,73.88,6,22.164,465.444,2019-03-23,19:16:00,E,443.28,22.164,4.4
608-96-3517,B,Mandalay,1,1,FA,91.54,4,18.308,384.468,2019-03-23,19:20:00,CC,366.16,18.308,4.8
468-88-0009,A,Yangon,1,0,HL,65.94,4,13.188,276.948,2019-03-24,10:29:00,C,263.76,13.188,6.0
588-01-7461,C,Naypyitaw,0,1,FB,33.98,9,15.291,321.111,2019-03-24,10:43:00,C,305.82,15.291,4.2
641-62-7288,B,Mandalay,0,0,HL,99.92,6,29.976,629.496,2019-03-24,13:33:00,E,599.52,29.976,7.1
835-16-0096,C,Naypyitaw,1,0,ST,14.7,5,3.675,77.175,2019-03-24,13:48:00,E,73.5,3.675,8.5
851-98-3555,B,Mandalay,0,1,HB,82.88,5,20.72,435.12,2019-03-24,14:08:00,CC,414.4,20.72,6.6
334-64-2006,A,Yangon,1,1,HL,70.32,2,7.032,147.672,2019-03-24,14:22:00,E,140.64,7.032,9.6
593-95-4461,C,Naypyitaw,1,0,HL,74.86,1,3.743,78.603,2019-03-24,14:49:00,C,74.86,3.743,6.9
118-62-1812,C,Naypyitaw,1,1,HL,78.38,4,15.676,329.196,2019-03-24,17:56:00,C,313.52,15.676,7.9
725-67-2480,B,Mandalay,1,1,FA,58.75,6,17.625,370.125,2019-03-24,18:14:00,CC,352.5,17.625,5.9
560-30-5617,B,Mandalay,0,1,ST,24.77,5,6.1925,130.0425,2019-03-24,18:27:00,C,123.85,6.1925,8.5
538-22-0304,C,Naypyitaw,0,0,EA,64.95,10,32.475,681.975,2019-03-24,18:27:00,C,649.5,32.475,5.2
362-58-8315,C,Naypyitaw,0,0,FA,76.52,5,19.13,401.73,2019-03-25,10:23:00,C,382.6,19.13,9.9
340-66-0321,A,Yangon,1,0,EA,36.36,4,7.272,152.712,2019-03-25,13:07:00,C,145.44,7.272,7.6
156-95-3964,A,Yangon,0,1,FB,55.39,4,11.078,232.638,2019-03-25,15:19:00,E,221.56,11.078,8.0
366-43-6862,B,Mandalay,0,0,EA,52.89,4,10.578,222.138,2019-03-25,16:32:00,E,211.56,10.578,6.7
282-35-2475,B,Mandalay,0,1,ST,93.31,2,9.331,195.951,2019-03-25,17:53:00,C,186.62,9.331,6.3
605-03-2706,A,Yangon,0,1,HB,15.8,3,2.37,49.77,2019-03-25,18:02:00,C,47.4,2.37,9.5
699-14-3026,C,Naypyitaw,0,0,EA,85.39,7,29.8865,627.6165,2019-03-25,18:30:00,E,597.73,29.8865,4.1
134-75-2619,A,Yangon,1,0,EA,19.32,7,6.762,142.002,2019-03-25,18:51:00,C,135.24,6.762,6.9
110-05-6330,C,Naypyitaw,0,1,FB,39.43,6,11.829,248.409,2019-03-25,20:18:00,CC,236.58,11.829,9.4
236-27-1144,C,Naypyitaw,0,1,FB,16.31,9,7.3395,154.1295,2019-03-26,10:31:00,E,146.79,7.3395,8.4
734-91-1155,B,Mandalay,0,1,EA,45.71,3,6.8565,143.9865,2019-03-26,10:34:00,CC,137.13,6.8565,7.7
449-27-2918,B,Mandalay,1,1,ST,39.12,1,1.956,41.076,2019-03-26,11:02:00,CC,39.12,1.956,9.6
587-73-4862,A,Yangon,1,1,HB,10.69,5,2.6725,56.1225,2019-03-26,11:07:00,E,53.45,2.6725,7.6
797-88-0493,A,Yangon,0,1,HB,64.27,4,12.854,269.934,2019-03-26,13:54:00,C,257.08,12.854,7.7
859-97-6048,C,Naypyitaw,1,0,EA,84.25,2,8.425,176.925,2019-03-26,14:13:00,CC,168.5,8.425,5.3
848-24-9445,C,Naypyitaw,1,0,HB,43.7,2,4.37,91.77,2019-03-26,18:03:00,C,87.4,4.37,4.9
760-53-9233,A,Yangon,1,0,FA,41.28,3,6.192,130.032,2019-03-26,18:37:00,CC,123.84,6.192,8.5
163-56-7055,C,Naypyitaw,1,0,FA,48.71,1,2.4355,51.1455,2019-03-26,19:20:00,C,48.71,2.4355,4.1
487-79-6868,B,Mandalay,1,1,HL,12.29,9,5.5305,116.1405,2019-03-26,19:28:00,CC,110.61,5.5305,8.0
807-34-3742,A,Yangon,0,0,FA,52.38,1,2.619,54.999,2019-03-26,19:44:00,C,52.38,2.619,5.8
411-77-0180,A,Yangon,1,0,EA,72.2,7,25.27,530.67,2019-03-26,20:14:00,E,505.4,25.27,4.3
595-94-9924,A,Yangon,1,1,HB,27.73,5,6.9325,145.5825,2019-03-26,20:21:00,CC,138.65,6.9325,4.2
702-83-5291,C,Naypyitaw,1,0,FA,99.82,9,44.919,943.299,2019-03-27,10:43:00,C,898.38,44.919,6.6
106-35-6779,A,Yangon,1,0,HL,44.34,2,4.434,93.114,2019-03-27,11:26:00,C,88.68,4.434,5.8
238-49-0436,A,Yangon,0,0,HB,32.46,8,12.984,272.664,2019-03-27,13:48:00,CC,259.68,12.984,4.9
278-86-2735,A,Yangon,0,1,FB,52.34,3,7.851,164.871,2019-03-27,14:03:00,C,157.02,7.851,9.2
794-32-2436,B,Mandalay,1,0,EA,55.67,2,5.567,116.907,2019-03-27,15:08:00,E,111.34,5.567,6.0
186-71-5196,A,Yangon,1,1,FB,79.54,2,7.954,167.034,2019-03-27,16:30:00,E,159.08,7.954,6.2
176-64-7711,B,Mandalay,0,0,FB,32.32,3,4.848,101.808,2019-03-27,19:11:00,CC,96.96,4.848,4.3
423-57-2993,B,Mandalay,0,0,ST,93.39,6,28.017,588.357,2019-03-27,19:18:00,E,560.34,28.017,10.0
313-66-9943,B,Mandalay,1,1,FB,29.15,3,4.3725,91.8225,2019-03-27,20:29:00,CC,87.45,4.3725,7.3
633-44-8566,A,Yangon,1,0,FB,49.38,7,17.283,362.943,2019-03-27,20:35:00,CC,345.66,17.283,7.3
633-09-3463,C,Naypyitaw,0,1,EA,47.65,3,7.1475,150.0975,2019-03-28,12:58:00,CC,142.95,7.1475,9.5
573-58-9734,B,Mandalay,0,1,FA,30.37,3,4.5555,95.6655,2019-03-28,13:41:00,E,91.11,4.5555,5.1
266-76-6436,C,Naypyitaw,1,1,FB,38.6,3,5.79,121.59,2019-03-28,13:57:00,E,115.8,5.79,7.5
420-97-3340,A,Yangon,0,1,FB,71.68,3,10.752,225.792,2019-03-28,15:30:00,CC,215.04,10.752,9.2
470-32-9057,A,Yangon,1,0,FB,51.34,5,12.835,269.535,2019-03-28,15:31:00,CC,256.7,12.835,9.1
857-16-3520,A,Yangon,1,1,FA,71.46,7,25.011,525.231,2019-03-28,16:06:00,E,500.22,25.011,4.5
212-62-1842,A,Yangon,0,0,FB,58.26,6,17.478,367.038,2019-03-28,16:44:00,C,349.56,17.478,9.9
531-80-1784,A,Yangon,0,0,EA,26.02,7,9.107,191.247,2019-03-28,17:38:00,C,182.14,9.107,5.1
544-32-5024,C,Naypyitaw,1,1,FB,49.79,4,9.958,209.118,2019-03-28,19:16:00,CC,199.16,9.958,6.4
333-23-2632,A,Yangon,1,0,HB,10.08,7,3.528,74.088,2019-03-28,20:14:00,C,70.56,3.528,4.2
766-85-7061,B,Mandalay,0,0,HB,87.87,10,43.935,922.635,2019-03-29,10:25:00,E,878.7,43.935,5.1
186-79-9562,B,Mandalay,0,0,HB,71.77,7,25.1195,527.5095,2019-03-29,14:06:00,C,502.39,25.1195,8.9
291-21-5991,B,Mandalay,1,0,HB,61.29,5,15.3225,321.7725,2019-03-29,14:28:00,C,306.45,15.3225,7.0
727-75-6477,C,Naypyitaw,0,0,EA,28.84,4,5.768,121.128,2019-03-29,14:44:00,C,115.36,5.768,6.4
425-85-2085,B,Mandalay,1,0,HB,54.86,5,13.715,288.015,2019-03-29,16:48:00,E,274.3,13.715,9.8
218-59-9410,A,Yangon,1,1,HL,72.42,3,10.863,228.123,2019-03-29,16:54:00,E,217.26,10.863,8.2
267-62-7380,C,Naypyitaw,1,0,EA,82.34,10,41.17,864.57,2019-03-29,19:12:00,E,823.4,41.17,4.3
829-34-3910,A,Yangon,0,1,HB,71.38,10,35.69,749.49,2019-03-29,19:21:00,C,713.8,35.69,5.7
361-85-2571,A,Yangon,0,1,ST,89.48,5,22.37,469.77,2019-03-30,10:18:00,C,447.4,22.37,7.4
291-55-6563,A,Yangon,1,1,HL,34.42,6,10.326,216.846,2019-03-30,12:45:00,E,206.52,10.326,7.5
115-38-7388,C,Naypyitaw,1,1,FA,10.18,8,4.072,85.512,2019-03-30,12:51:00,CC,81.44,4.072,9.5
286-01-5402,A,Yangon,0,1,ST,40.23,7,14.0805,295.6905,2019-03-30,13:22:00,C,281.61,14.0805,9.6
743-04-1105,B,Mandalay,1,0,HB,97.22,9,43.749,918.729,2019-03-30,14:43:00,E,874.98,43.749,6.0
778-89-7974,C,Naypyitaw,0,0,HB,70.21,6,21.063,442.323,2019-03-30,14:58:00,C,421.26,21.063,7.4
642-61-4706,B,Mandalay,1,0,FB,93.4,2,9.34,196.14,2019-03-30,16:34:00,C,186.8,9.34,5.5
676-39-6028,A,Yangon,1,1,EA,64.44,5,16.11,338.31,2019-03-30,17:04:00,C,322.2,16.11,6.6
731-59-7531,B,Mandalay,1,0,HB,72.57,8,29.028,609.588,2019-03-30,17:58:00,C,580.56,29.028,4.6
131-15-8856,C,Naypyitaw,1,1,FB,72.52,8,29.008,609.168,2019-03-30,19:26:00,CC,580.16,29.008,4.0
364-34-2972,C,Naypyitaw,1,0,EA,96.82,3,14.523,304.983,2019-03-30,20:37:00,C,290.46,14.523,6.7
384-59-6655,A,Yangon,1,1,FB,98.66,9,44.397,932.337,,15:07:00,C,887.94,44.397,8.4
311-13-6971,B,Mandalay,1,0,ST,31.99,10,15.995,335.895,,15:18:00,CC,319.9,15.995,9.9
